X0,price,bedrooms,bathrooms
1,313000.0,3.0,1.5
1,2384000.0,5.0,2.5
1,342000.0,3.0,2.0
1,420000.0,3.0,2.25
1,550000.0,4.0,2.5
1,490000.0,2.0,1.0
1,335000.0,2.0,2.0
1,482000.0,4.0,2.5
1,452500.0,3.0,2.5
1,640000.0,4.0,2.0
1,463000.0,3.0,1.75
1,1400000.0,4.0,2.5
1,588500.0,3.0,1.75
1,365000.0,3.0,1.0
1,1200000.0,5.0,2.75
1,242500.0,3.0,1.5
1,419000.0,3.0,1.5
1,367500.0,4.0,3.0
1,257950.0,3.0,1.75
1,275000.0,3.0,1.5
1,750000.0,3.0,1.75
1,435000.0,4.0,1.0
1,626000.0,3.0,2.25
1,612500.0,4.0,2.5
1,495000.0,4.0,1.75
1,285000.0,3.0,2.5
1,615000.0,3.0,1.75
1,698000.0,4.0,2.25
1,675000.0,5.0,2.5
1,790000.0,3.0,2.5
1,382500.0,4.0,1.75
1,499950.0,4.0,2.5
1,650000.0,4.0,2.0
1,625000.0,4.0,2.5
1,400000.0,4.0,2.5
1,604000.0,3.0,2.5
1,440000.0,2.0,1.0
1,287200.0,3.0,3.0
1,403000.0,3.0,2.0
1,750000.0,3.0,2.5
1,335000.0,3.0,2.25
1,260000.0,4.0,2.0
1,308500.0,2.0,1.0
1,439950.0,3.0,2.5
1,235000.0,2.0,1.0
1,315000.0,3.0,1.0
1,437500.0,3.0,2.25
1,407500.0,3.0,2.5
1,445700.0,3.0,2.5
1,838000.0,4.0,2.5
1,630000.0,4.0,2.75
1,550000.0,3.0,1.75
1,805000.0,3.0,2.0
1,284000.0,3.0,1.75
1,470000.0,5.0,2.5
1,430000.0,4.0,1.5
1,491500.0,4.0,1.75
1,785000.0,5.0,3.25
1,385000.0,3.0,3.25
1,295000.0,2.0,2.5
1,555000.0,4.0,2.5
1,459990.0,3.0,2.5
1,625000.0,4.0,3.25
1,300000.0,3.0,2.5
1,625000.0,4.0,2.75
1,553000.0,2.0,1.0
1,379880.0,3.0,2.5
1,310000.0,3.0,1.0
1,775000.0,2.0,2.5
1,365000.0,3.0,2.5
1,331950.0,4.0,2.5
1,783500.0,3.0,2.5
1,628000.0,4.0,2.0
1,560000.0,3.0,2.5
1,900000.0,3.0,1.0
1,531000.0,2.0,3.0
1,831000.0,4.0,3.0
1,780000.0,4.0,2.5
1,755000.0,4.0,2.5
1,705380.0,3.0,2.5
1,627000.0,4.0,2.25
1,865000.0,4.0,3.0
1,580000.0,2.0,1.0
1,410000.0,3.0,2.25
1,485000.0,4.0,3.0
1,400000.0,2.0,1.75
1,549000.0,2.0,1.0
1,620000.0,3.0,1.75
1,405000.0,2.0,3.0
1,232000.0,2.0,1.0
1,800866.0,5.0,2.5
1,650000.0,3.0,1.5
1,823000.0,6.0,1.75
1,770000.0,3.0,2.0
1,524000.0,3.0,1.75
1,541125.0,5.0,2.75
1,670000.0,3.0,2.5
1,384900.0,5.0,2.5
1,406100.0,3.0,2.25
1,1395000.0,5.0,3.5
1,736500.0,4.0,2.5
1,570000.0,3.0,2.25
1,787000.0,3.0,1.75
1,328000.0,4.0,2.5
1,435000.0,5.0,2.0
1,499000.0,4.0,2.5
1,501000.0,4.0,1.0
1,1090000.0,4.0,2.5
1,400000.0,2.0,1.0
1,220000.0,4.0,1.5
1,657100.0,4.0,1.0
1,309950.0,4.0,2.75
1,300000.0,3.0,2.0
1,525888.0,5.0,1.75
1,740000.0,4.0,1.75
1,340000.0,5.0,1.0
1,398750.0,3.0,2.5
1,206000.0,2.0,1.0
1,1030000.0,5.0,2.75
1,600000.0,3.0,1.75
1,379950.0,4.0,1.75
1,287000.0,3.0,1.0
1,2280000.0,7.0,8.0
1,309950.0,3.0,2.5
1,600000.0,3.0,1.75
1,418000.0,3.0,2.0
1,449250.0,4.0,2.0
1,329950.0,2.0,1.0
1,245000.0,3.0,1.75
1,549000.0,4.0,2.5
1,800000.0,3.0,2.5
1,249950.0,3.0,2.0
1,210000.0,5.0,2.0
1,1425000.0,2.0,2.5
1,585000.0,2.0,1.0
1,615000.0,4.0,1.75
1,618500.0,3.0,2.0
1,487585.0,4.0,1.75
1,509900.0,3.0,2.5
1,631625.0,4.0,2.5
1,555000.0,3.0,2.5
1,340000.0,2.0,1.5
1,830000.0,4.0,2.5
1,890000.0,4.0,4.25
1,366750.0,3.0,3.0
1,415000.0,3.0,2.25
1,416286.0,3.0,2.5
1,478000.0,3.0,2.5
1,890000.0,5.0,3.5
1,419190.0,2.0,2.5
1,712198.0,4.0,2.5
1,397000.0,4.0,2.0
1,450000.0,2.0,2.0
1,353000.0,3.0,1.0
1,609000.0,4.0,2.5
1,234000.0,3.0,1.75
1,561000.0,3.0,2.0
1,469000.0,2.0,1.0
1,329350.0,2.0,1.0
1,488000.0,5.0,2.0
1,279900.0,3.0,1.75
1,606000.0,4.0,2.5
1,312000.0,4.0,2.0
1,650000.0,3.0,1.5
1,1135000.0,4.0,2.75
1,325000.0,4.0,2.5
1,425000.0,4.0,2.0
1,219000.0,2.0,1.0
1,250000.0,3.0,1.0
1,390000.0,3.0,1.75
1,475000.0,6.0,3.0
1,736000.0,4.0,2.5
1,407000.0,4.0,2.25
1,272000.0,3.0,2.5
1,362000.0,3.0,2.25
1,535000.0,3.0,2.5
1,284000.0,4.0,2.5
1,367500.0,3.0,1.5
1,379900.0,4.0,1.75
1,520000.0,3.0,2.5
1,175000.0,3.0,1.0
1,460000.0,2.0,2.25
1,345000.0,4.0,2.5
1,455000.0,5.0,2.5
1,610000.0,4.0,3.0
1,563000.0,4.0,3.0
1,612500.0,4.0,2.0
1,218000.0,3.0,1.75
1,404000.0,4.0,1.75
1,860000.0,4.0,2.0
1,136500.0,3.0,1.5
1,313950.0,3.0,1.0
1,575000.0,3.0,1.75
1,1225000.0,4.0,2.25
1,280000.0,3.0,1.75
1,515000.0,3.0,2.5
1,513000.0,4.0,2.5
1,599000.0,4.0,2.25
1,685000.0,4.0,2.5
1,365000.0,3.0,1.5
1,762300.0,4.0,2.5
1,1580000.0,4.0,3.25
1,562000.0,5.0,2.25
1,530000.0,5.0,2.5
1,525000.0,3.0,2.5
1,484000.0,2.0,1.75
1,725126.0,4.0,2.5
1,360000.0,4.0,2.0
1,387000.0,3.0,1.0
1,483500.0,4.0,2.5
1,655500.0,4.0,3.5
1,345000.0,3.0,1.0
1,533000.0,5.0,2.75
1,385000.0,3.0,1.75
1,675000.0,2.0,1.0
1,197000.0,3.0,1.75
1,485000.0,3.0,2.0
1,1870000.0,5.0,4.0
1,295000.0,3.0,2.25
1,499000.0,2.0,1.75
1,1050000.0,3.0,2.5
1,191000.0,3.0,1.5
1,500000.0,3.0,2.5
1,390000.0,5.0,3.75
1,979000.0,3.0,2.5
1,580000.0,4.0,3.25
1,369950.0,3.0,2.0
1,1800000.0,5.0,5.0
1,776000.0,4.0,2.5
1,519950.0,3.0,2.25
1,255000.0,5.0,2.25
1,495000.0,3.0,1.0
1,510000.0,4.0,2.5
1,1150000.0,4.0,4.0
1,253000.0,3.0,1.75
1,503000.0,3.0,2.75
1,275000.0,3.0,2.5
1,249000.0,3.0,1.0
1,310000.0,3.0,1.75
1,750000.0,3.0,2.75
1,630000.0,3.0,2.5
1,599999.0,9.0,4.5
1,758000.0,4.0,2.75
1,248500.0,4.0,1.75
1,310000.0,3.0,1.75
1,460000.0,3.0,2.0
1,675000.0,3.0,1.75
1,526000.0,2.0,2.0
1,560000.0,3.0,3.0
1,415000.0,4.0,3.0
1,246000.0,3.0,1.0
1,314500.0,3.0,1.75
1,3200000.0,7.0,4.5
1,420000.0,2.0,1.5
1,535000.0,3.0,1.75
1,350000.0,3.0,1.0
1,515000.0,3.0,1.75
1,749950.0,4.0,2.75
1,230000.0,3.0,2.5
1,568000.0,3.0,2.0
1,250000.0,1.0,1.0
1,581000.0,4.0,2.0
1,651000.0,3.0,2.5
1,600000.0,3.0,2.5
1,500000.0,2.0,1.0
1,475000.0,2.0,1.0
1,352000.0,5.0,2.5
1,420000.0,3.0,2.25
1,428000.0,2.0,2.0
1,599000.0,3.0,1.75
1,492000.0,4.0,2.5
1,630000.0,2.0,2.25
1,900000.0,5.0,3.75
1,1110000.0,4.0,1.5
1,575000.0,4.0,2.0
1,705000.0,4.0,2.5
1,940000.0,4.0,2.25
1,313000.0,3.0,1.75
1,618080.0,3.0,2.5
1,640000.0,3.0,3.0
1,485000.0,3.0,2.0
1,300000.0,2.0,1.0
1,379500.0,2.0,1.0
1,339950.0,3.0,2.25
1,1500000.0,6.0,2.5
1,1340000.0,3.0,3.0
1,500000.0,3.0,2.5
1,239900.0,3.0,2.0
1,314950.0,3.0,1.0
1,361280.0,2.0,1.0
1,100000.0,2.0,1.0
1,540000.0,7.0,5.75
1,480500.0,4.0,2.5
1,280000.0,3.0,2.5
1,440000.0,3.0,1.75
1,530000.0,3.0,1.0
1,560000.0,3.0,2.0
1,775000.0,3.0,2.0
1,160000.0,2.0,1.0
1,209950.0,3.0,1.5
1,226500.0,3.0,1.75
1,380000.0,5.0,1.75
1,409500.0,4.0,2.75
1,690000.0,3.0,2.0
1,405000.0,3.0,2.25
1,375000.0,3.0,2.5
1,794154.0,4.0,2.0
1,185000.0,4.0,1.0
1,245000.0,3.0,1.5
1,1532500.0,5.0,4.5
1,1040000.0,4.0,3.5
1,425000.0,2.0,2.5
1,495000.0,4.0,2.75
1,365000.0,5.0,2.75
1,417250.0,3.0,2.25
1,339950.0,2.0,1.0
1,615000.0,2.0,1.0
1,403000.0,3.0,2.75
1,980000.0,5.0,2.5
1,258000.0,4.0,1.75
1,533000.0,3.0,1.0
1,537500.0,4.0,2.5
1,830000.0,5.0,3.0
1,712000.0,3.0,1.0
1,262000.0,4.0,2.5
1,753888.0,4.0,2.5
1,134000.0,2.0,1.5
1,402000.0,3.0,2.5
1,205000.0,2.0,1.0
1,553650.0,2.0,2.5
1,559950.0,2.0,2.0
1,260000.0,4.0,1.5
1,270000.0,4.0,2.5
1,295000.0,2.0,1.75
1,719000.0,3.0,2.5
1,266000.0,3.0,2.5
1,325900.0,4.0,2.5
1,647500.0,4.0,1.75
1,1039000.0,4.0,1.0
1,569000.0,4.0,2.25
1,246000.0,3.0,1.75
1,515000.0,2.0,1.0
1,207000.0,3.0,1.0
1,780000.0,4.0,1.75
1,489990.0,5.0,2.25
1,335000.0,3.0,1.5
1,295000.0,3.0,2.5
1,385000.0,3.0,1.75
1,350000.0,4.0,1.75
1,235000.0,2.0,1.0
1,358000.0,2.0,1.5
1,716500.0,4.0,2.5
1,228000.0,4.0,1.75
1,405000.0,2.0,1.0
1,538000.0,4.0,1.75
1,530000.0,3.0,1.75
1,1750000.0,6.0,3.0
1,636000.0,2.0,1.75
1,535000.0,4.0,2.5
1,1500000.0,3.0,1.75
1,868500.0,3.0,2.5
1,530000.0,4.0,2.75
1,450000.0,3.0,2.0
1,230000.0,3.0,1.75
1,229000.0,3.0,2.5
1,437000.0,3.0,1.75
1,1307000.0,5.0,3.25
1,595000.0,3.0,2.5
1,660000.0,3.0,1.75
1,347500.0,4.0,2.5
1,297950.0,3.0,2.0
1,245000.0,3.0,1.5
1,543200.0,6.0,2.25
1,1250000.0,4.0,3.25
1,413450.0,3.0,2.5
1,330000.0,2.0,2.0
1,424500.0,3.0,1.75
1,230000.0,3.0,1.0
1,930000.0,3.0,3.25
1,349000.0,3.0,1.75
1,835000.0,4.0,2.0
1,988500.0,3.0,2.75
1,500000.0,3.0,1.75
1,499000.0,2.0,1.5
1,321950.0,2.0,1.25
1,494000.0,3.0,2.5
1,441750.0,2.0,1.5
1,438000.0,2.0,1.0
1,985000.0,4.0,2.25
1,352000.0,3.0,2.25
1,839900.0,4.0,3.5
1,765000.0,4.0,2.75
1,460000.0,4.0,1.75
1,224500.0,4.0,1.0
1,254000.0,3.0,2.5
1,255000.0,2.0,1.0
1,610000.0,3.0,3.0
1,920000.0,4.0,3.0
1,402500.0,4.0,2.5
1,280950.0,3.0,1.75
1,604000.0,4.0,2.5
1,565000.0,4.0,2.25
1,255000.0,2.0,1.0
1,445000.0,4.0,2.0
1,2400000.0,3.0,2.25
1,195000.0,2.0,1.0
1,275000.0,3.0,1.5
1,387000.0,3.0,2.25
1,490000.0,2.0,1.0
1,505000.0,3.0,2.5
1,303500.0,3.0,1.5
1,270000.0,3.0,1.5
1,323000.0,4.0,2.75
1,382000.0,3.0,3.25
1,1370000.0,4.0,2.75
1,280000.0,4.0,2.0
1,260000.0,3.0,2.0
1,201500.0,3.0,1.0
1,1157200.0,4.0,4.25
1,536500.0,4.0,1.75
1,248000.0,4.0,3.0
1,532000.0,5.0,3.0
1,580000.0,4.0,2.5
1,463000.0,2.0,1.0
1,742500.0,4.0,2.75
1,260000.0,3.0,2.5
1,590000.0,4.0,2.25
1,312000.0,4.0,2.25
1,566000.0,3.0,2.25
1,511555.0,3.0,2.0
1,583000.0,4.0,2.5
1,290000.0,4.0,2.5
1,311100.0,4.0,2.25
1,325000.0,3.0,2.25
1,491300.0,3.0,1.75
1,315000.0,5.0,1.75
1,360000.0,2.0,1.0
1,330000.0,4.0,2.5
1,481450.0,3.0,2.0
1,234950.0,3.0,1.0
1,251000.0,3.0,1.75
1,782000.0,4.0,2.5
1,833000.0,4.0,2.75
1,542500.0,4.0,2.5
1,851000.0,3.0,2.5
1,325000.0,4.0,1.5
1,415000.0,4.0,2.25
1,252500.0,3.0,1.0
1,465000.0,4.0,2.5
1,336900.0,3.0,1.75
1,225000.0,3.0,2.5
1,270000.0,3.0,2.0
1,1702500.0,5.0,4.5
1,536000.0,3.0,1.75
1,585000.0,4.0,3.25
1,445000.0,2.0,2.0
1,320000.0,4.0,2.25
1,769900.0,4.0,3.5
1,557000.0,4.0,2.5
1,212000.0,2.0,1.5
1,376000.0,3.0,2.0
1,800000.0,4.0,3.25
1,2238888.0,5.0,6.5
1,324000.0,3.0,2.25
1,549900.0,5.0,2.75
1,320000.0,3.0,2.5
1,875000.0,4.0,2.0
1,265000.0,4.0,1.0
1,394950.0,3.0,2.5
1,842500.0,4.0,2.5
1,368000.0,3.0,2.5
1,1225000.0,4.0,4.5
1,885000.0,4.0,2.5
1,453246.0,3.0,2.5
1,927000.0,4.0,2.75
1,490000.0,2.0,2.5
1,341000.0,3.0,1.5
1,235000.0,1.0,1.0
1,1200000.0,3.0,1.75
1,560000.0,3.0,2.0
1,900000.0,4.0,3.25
1,255000.0,2.0,1.0
1,1575000.0,5.0,2.75
1,876650.0,3.0,3.25
1,540000.0,4.0,2.25
1,350000.0,2.0,1.0
1,750000.0,4.0,2.5
1,582000.0,4.0,1.75
1,1315000.0,4.0,3.5
1,372500.0,5.0,3.0
1,410000.0,3.0,2.25
1,360000.0,4.0,2.0
1,1015000.0,3.0,2.5
1,225000.0,3.0,1.0
1,647000.0,4.0,2.5
1,950000.0,5.0,3.0
1,185000.0,3.0,1.5
1,335000.0,3.0,2.5
1,210000.0,3.0,2.5
1,522000.0,4.0,2.25
1,770000.0,3.0,1.75
1,499950.0,3.0,1.0
1,751000.0,4.0,2.5
1,330000.0,5.0,3.0
1,465000.0,3.0,1.5
1,850000.0,4.0,1.75
1,947500.0,4.0,2.25
1,302000.0,5.0,2.25
1,500000.0,2.0,2.25
1,201000.0,3.0,1.0
1,265000.0,2.0,1.0
1,870300.0,4.0,2.5
1,339000.0,3.0,1.0
1,690000.0,4.0,2.5
1,788000.0,4.0,3.25
1,315275.0,3.0,1.75
1,505000.0,4.0,1.75
1,368000.0,3.0,1.0
1,947500.0,3.0,2.75
1,156000.0,3.0,1.0
1,610000.0,4.0,3.0
1,420000.0,2.0,2.5
1,192000.0,2.0,1.0
1,910000.0,3.0,2.0
1,1300000.0,4.0,3.25
1,1346400.0,5.0,1.75
1,840000.0,4.0,2.75
1,300000.0,2.0,1.75
1,505000.0,4.0,2.5
1,110000.0,3.0,1.0
1,746000.0,3.0,2.5
1,211000.0,3.0,1.5
1,675000.0,4.0,3.0
1,734200.0,4.0,2.5
1,1225000.0,4.0,2.25
1,615000.0,2.0,1.75
1,630000.0,4.0,2.0
1,1264000.0,4.0,3.75
1,301500.0,2.0,1.5
1,369000.0,2.0,2.5
1,635000.0,3.0,2.5
1,1033888.0,4.0,3.25
1,383000.0,4.0,2.5
1,1050000.0,4.0,3.75
1,455000.0,4.0,2.5
1,819900.0,5.0,2.75
1,625000.0,3.0,3.5
1,651000.0,4.0,2.5
1,480000.0,5.0,4.75
1,757000.0,3.0,3.25
1,460000.0,3.0,2.25
1,267345.0,4.0,2.25
1,530000.0,2.0,2.0
1,449500.0,3.0,2.0
1,289000.0,3.0,1.0
1,373000.0,5.0,2.5
1,525000.0,5.0,3.0
1,777000.0,3.0,3.25
1,550000.0,4.0,2.0
1,523000.0,3.0,1.5
1,628000.0,4.0,2.0
1,581000.0,4.0,1.75
1,245000.0,5.0,1.75
1,415000.0,3.0,1.75
1,1895000.0,5.0,2.25
1,225000.0,3.0,1.5
1,287000.0,3.0,2.25
1,799200.0,6.0,3.0
1,239950.0,3.0,1.0
1,591000.0,3.0,1.75
1,700000.0,3.0,2.5
1,475000.0,4.0,2.5
1,575000.0,3.0,1.75
1,771000.0,3.0,2.25
1,155000.0,2.0,1.0
1,550000.0,7.0,4.0
1,645000.0,3.0,2.5
1,464000.0,5.0,2.5
1,1050000.0,4.0,3.25
1,350000.0,3.0,2.5
1,591000.0,4.0,2.25
1,2555000.0,4.0,2.5
1,717000.0,3.0,1.5
1,225000.0,4.0,1.5
1,225000.0,3.0,1.0
1,345000.0,3.0,1.75
1,385000.0,3.0,2.0
1,90000.0,2.0,1.0
1,860000.0,4.0,2.5
1,675000.0,4.0,2.5
1,975000.0,4.0,2.5
1,780000.0,3.0,1.75
1,370000.0,3.0,1.75
1,665000.0,3.0,2.0
1,675000.0,5.0,3.0
1,620000.0,3.0,1.0
1,1105000.0,4.0,1.5
1,450000.0,3.0,2.75
1,450000.0,3.0,2.25
1,530000.0,3.0,1.75
1,635000.0,4.0,1.75
1,580000.0,5.0,2.0
1,1550000.0,5.0,3.25
1,285000.0,3.0,1.0
1,375000.0,3.0,1.0
1,1400000.0,5.0,4.25
1,560000.0,3.0,1.0
1,405000.0,4.0,1.75
1,413000.0,4.0,1.0
1,287600.0,3.0,2.5
1,1680000.0,5.0,3.25
1,225000.0,3.0,1.0
1,319000.0,3.0,1.0
1,322500.0,3.0,2.0
1,570000.0,3.0,2.0
1,465000.0,3.0,1.5
1,435000.0,4.0,2.25
1,502000.0,4.0,2.5
1,525000.0,3.0,3.5
1,525000.0,3.0,2.5
1,660000.0,4.0,3.5
1,870000.0,4.0,2.5
1,650000.0,4.0,2.5
1,505000.0,4.0,2.5
1,330000.0,3.0,2.5
1,385000.0,4.0,1.75
1,306000.0,3.0,1.5
1,546000.0,3.0,1.75
1,925000.0,4.0,2.5
1,542000.0,4.0,1.75
1,800000.0,3.0,1.0
1,620000.0,5.0,2.5
1,175000.0,2.0,1.0
1,740000.0,5.0,5.0
1,345000.0,3.0,2.25
1,510000.0,3.0,1.75
1,530000.0,4.0,2.75
1,155000.0,2.0,1.0
1,266000.0,3.0,2.5
1,257200.0,3.0,2.0
1,265000.0,3.0,2.0
1,372220.0,3.0,1.0
1,337500.0,5.0,2.0
1,582500.0,2.0,1.5
1,489200.0,3.0,2.75
1,405100.0,2.0,1.0
1,372977.0,3.0,2.5
1,310000.0,3.0,1.0
1,538000.0,3.0,1.75
1,1400000.0,3.0,2.5
1,317000.0,3.0,2.5
1,702500.0,3.0,1.5
1,565000.0,4.0,2.5
1,723000.0,4.0,2.5
1,766950.0,3.0,2.5
1,682000.0,3.0,1.75
1,325000.0,3.0,2.5
1,543000.0,3.0,2.5
1,525000.0,3.0,1.75
1,364000.0,4.0,1.75
1,394475.0,2.0,1.0
1,316000.0,4.0,2.5
1,339950.0,3.0,1.0
1,486000.0,4.0,2.5
1,160000.0,3.0,1.0
1,930000.0,3.0,2.5
1,139000.0,3.0,1.0
1,562000.0,3.0,1.5
1,299000.0,2.0,1.75
1,511000.0,3.0,2.5
1,499000.0,3.0,2.0
1,356000.0,3.0,3.5
1,470000.0,4.0,2.5
1,715000.0,4.0,2.25
1,1120000.0,4.0,2.25
1,458000.0,3.0,1.0
1,966000.0,5.0,4.5
1,305495.0,3.0,1.75
1,543000.0,2.0,2.0
1,340000.0,3.0,2.25
1,633100.0,4.0,2.5
1,310000.0,3.0,1.0
1,349950.0,5.0,3.0
1,267800.0,2.0,1.0
1,234000.0,4.0,2.0
1,740000.0,4.0,2.5
1,607500.0,5.0,1.75
1,223000.0,3.0,1.75
1,400000.0,2.0,1.0
1,802000.0,3.0,2.5
1,253000.0,4.0,2.5
1,1058000.0,4.0,2.0
1,300000.0,3.0,1.0
1,625000.0,4.0,2.75
1,707000.0,4.0,3.25
1,950000.0,4.0,2.5
1,420000.0,4.0,2.5
1,498000.0,4.0,2.75
1,450000.0,3.0,2.5
1,955000.0,5.0,2.25
1,215000.0,2.0,1.0
1,437000.0,3.0,2.75
1,773000.0,3.0,2.75
1,1222500.0,4.0,3.5
1,256883.0,3.0,2.5
1,592500.0,4.0,2.5
1,252350.0,3.0,2.0
1,370000.0,4.0,2.5
1,465750.0,3.0,1.5
1,185000.0,3.0,1.0
1,582800.0,4.0,2.75
1,245000.0,3.0,1.75
1,302000.0,4.0,1.75
1,451555.0,2.0,1.0
1,250000.0,3.0,1.0
1,255000.0,4.0,2.5
1,840000.0,4.0,1.75
1,190000.0,3.0,1.0
1,349950.0,3.0,1.0
1,613000.0,4.0,2.0
1,300000.0,3.0,1.0
1,455000.0,3.0,2.5
1,335000.0,3.0,2.25
1,197500.0,3.0,1.0
1,412500.0,3.0,1.5
1,395300.0,3.0,1.5
1,342400.0,3.0,2.25
1,749400.0,4.0,2.5
1,316500.0,4.0,2.5
1,390000.0,3.0,2.5
1,225000.0,3.0,2.0
1,550000.0,3.0,2.25
1,280000.0,3.0,1.0
1,1255000.0,4.0,2.5
1,575000.0,2.0,1.0
1,1000000.0,5.0,4.25
1,585000.0,5.0,1.75
1,620000.0,4.0,2.5
1,204700.0,4.0,2.0
1,695000.0,4.0,3.0
1,689900.0,4.0,3.25
1,375000.0,4.0,1.75
1,475000.0,7.0,3.5
1,215000.0,3.0,1.0
1,2100000.0,4.0,1.75
1,790000.0,3.0,1.75
1,350000.0,3.0,1.75
1,695000.0,3.0,2.5
1,263000.0,3.0,2.25
1,400000.0,3.0,1.0
1,525000.0,3.0,2.5
1,349950.0,3.0,2.5
1,1085000.0,4.0,3.25
1,744000.0,4.0,3.0
1,312500.0,2.0,1.0
1,240000.0,3.0,2.0
1,495000.0,4.0,2.0
1,580050.0,3.0,2.5
1,640000.0,4.0,2.0
1,417000.0,3.0,1.5
1,174950.0,3.0,1.0
1,295000.0,3.0,1.5
1,423000.0,4.0,1.75
1,839000.0,3.0,1.0
1,343000.0,4.0,1.75
1,467000.0,3.0,1.0
1,512500.0,3.0,2.5
1,575000.0,4.0,2.5
1,465000.0,3.0,1.75
1,270000.0,3.0,1.0
1,340000.0,3.0,1.75
1,765000.0,5.0,3.75
1,497000.0,4.0,2.5
1,803100.0,4.0,2.5
1,344000.0,3.0,2.5
1,828950.0,4.0,3.5
1,386380.0,3.0,2.5
1,312000.0,3.0,2.25
1,720000.0,3.0,2.5
1,914500.0,4.0,2.5
1,819995.0,5.0,2.75
1,252700.0,2.0,1.5
1,437500.0,3.0,2.5
1,350000.0,1.0,1.0
1,619000.0,3.0,2.5
1,408200.0,3.0,2.5
1,451000.0,3.0,1.75
1,317000.0,3.0,2.0
1,799000.0,4.0,3.25
1,720000.0,2.0,1.0
1,490000.0,3.0,2.0
1,239900.0,4.0,2.25
1,446000.0,4.0,2.25
1,275000.0,3.0,2.5
1,239950.0,5.0,1.0
1,248000.0,4.0,3.5
1,619500.0,3.0,2.5
1,363750.0,3.0,1.75
1,385000.0,3.0,1.75
1,370000.0,4.0,1.5
1,425000.0,3.0,2.5
1,342000.0,3.0,1.0
1,345000.0,4.0,1.0
1,724800.0,3.0,2.0
1,725000.0,5.0,2.75
1,605000.0,2.0,1.0
1,350000.0,4.0,2.5
1,785000.0,3.0,2.0
1,250000.0,3.0,2.0
1,565000.0,3.0,2.25
1,875000.0,3.0,2.0
1,862500.0,4.0,2.75
1,400000.0,3.0,2.5
1,282613.0,2.0,1.0
1,174500.0,2.0,1.0
1,306500.0,3.0,2.25
1,445000.0,3.0,2.25
1,433000.0,4.0,2.5
1,306000.0,3.0,2.5
1,620000.0,3.0,2.25
1,245000.0,2.0,1.0
1,238000.0,3.0,2.0
1,523000.0,3.0,1.5
1,522500.0,3.0,2.5
1,180000.0,3.0,1.0
1,375000.0,3.0,1.5
1,249000.0,3.0,2.25
1,730100.0,4.0,2.5
1,551000.0,2.0,2.0
1,375000.0,4.0,2.5
1,540000.0,1.0,1.0
1,605000.0,3.0,2.25
1,205000.0,5.0,1.75
1,645000.0,4.0,2.5
1,314000.0,4.0,2.5
1,330000.0,3.0,1.5
1,490000.0,2.0,1.0
1,445000.0,3.0,3.0
1,2000000.0,5.0,4.25
1,377500.0,3.0,2.25
1,480000.0,4.0,2.5
1,804995.0,5.0,1.5
1,341000.0,3.0,2.5
1,675000.0,5.0,2.5
1,611000.0,3.0,2.5
1,379950.0,3.0,3.25
1,1270000.0,4.0,3.0
1,500000.0,2.0,2.5
1,410000.0,3.0,2.0
1,415000.0,3.0,2.5
1,297000.0,5.0,2.5
1,575550.0,4.0,2.5
1,534640.0,3.0,2.5
1,352500.0,3.0,2.25
1,488000.0,2.0,2.0
1,732000.0,3.0,2.0
1,215000.0,2.0,2.25
1,592500.0,2.0,2.0
1,290000.0,4.0,2.5
1,475000.0,2.0,1.0
1,320000.0,3.0,2.5
1,1216000.0,4.0,2.5
1,290000.0,5.0,1.5
1,487250.0,4.0,2.0
1,339000.0,4.0,2.5
1,440000.0,2.0,1.5
1,366500.0,4.0,2.75
1,462000.0,3.0,1.5
1,560000.0,4.0,1.0
1,285000.0,4.0,1.75
1,280000.0,3.0,2.5
1,210000.0,3.0,1.0
1,690000.0,3.0,2.0
1,256500.0,2.0,1.0
1,411000.0,4.0,2.75
1,215000.0,3.0,1.0
1,762000.0,5.0,2.0
1,359950.0,3.0,1.0
1,480000.0,4.0,3.5
1,1405000.0,4.0,3.5
1,390000.0,4.0,2.5
1,413500.0,2.0,1.0
1,285000.0,1.0,1.5
1,475000.0,4.0,2.5
1,386591.0,3.0,2.5
1,524950.0,3.0,1.75
1,241000.0,2.0,2.0
1,461000.0,2.0,1.0
1,810000.0,4.0,2.5
1,885000.0,4.0,2.75
1,247000.0,3.0,2.25
1,296500.0,3.0,2.75
1,141800.0,2.0,1.0
1,333000.0,4.0,2.0
1,602000.0,5.0,1.75
1,565000.0,4.0,2.25
1,373000.0,3.0,2.5
1,588000.0,3.0,2.25
1,485000.0,3.0,1.0
1,482500.0,3.0,2.25
1,251200.0,4.0,1.5
1,869000.0,5.0,3.25
1,464000.0,3.0,1.75
1,755000.0,4.0,2.5
1,280000.0,3.0,2.5
1,485000.0,2.0,2.25
1,305000.0,3.0,1.75
1,110700.0,2.0,1.0
1,850000.0,4.0,3.5
1,350000.0,3.0,2.25
1,319950.0,4.0,1.75
1,700000.0,3.0,1.75
1,368000.0,2.0,1.5
1,433500.0,3.0,2.5
1,611000.0,4.0,2.5
1,1000000.0,2.0,1.75
1,307000.0,3.0,1.0
1,442500.0,3.0,1.75
1,485000.0,3.0,1.75
1,367000.0,2.0,1.0
1,429000.0,3.0,2.5
1,446000.0,5.0,2.75
1,572500.0,3.0,2.25
1,477000.0,3.0,2.5
1,518000.0,3.0,2.5
1,462000.0,5.0,1.75
1,1190000.0,4.0,3.0
1,137000.0,3.0,1.0
1,530000.0,3.0,3.5
1,818000.0,2.0,2.5
1,640000.0,2.0,2.25
1,298450.0,5.0,3.0
1,575000.0,4.0,2.5
1,730000.0,4.0,2.5
1,551000.0,3.0,2.5
1,271310.0,2.0,1.0
1,675000.0,4.0,3.0
1,479000.0,3.0,2.5
1,520000.0,4.0,3.5
1,599950.0,3.0,2.5
1,483945.0,2.0,1.75
1,390000.0,4.0,2.25
1,192500.0,2.0,1.0
1,330000.0,2.0,1.0
1,250000.0,4.0,2.0
1,243000.0,2.0,1.0
1,575000.0,4.0,1.75
1,639000.0,4.0,2.5
1,710000.0,2.0,1.0
1,675000.0,3.0,2.25
1,405000.0,5.0,2.5
1,615000.0,4.0,2.75
1,490000.0,3.0,1.0
1,467000.0,3.0,2.25
1,480000.0,4.0,2.75
1,755000.0,6.0,2.0
1,760000.0,4.0,1.75
1,387000.0,2.0,2.25
1,925000.0,4.0,2.25
1,415000.0,2.0,1.0
1,263000.0,3.0,1.75
1,519900.0,4.0,2.0
1,570000.0,2.0,1.75
1,450000.0,3.0,1.5
1,1300000.0,4.0,3.5
1,300000.0,3.0,1.0
1,320000.0,3.0,1.75
1,387500.0,4.0,1.0
1,458000.0,1.0,2.25
1,1212500.0,4.0,3.5
1,380000.0,4.0,3.0
1,200000.0,3.0,1.0
1,385000.0,3.0,1.5
1,396675.0,2.0,1.0
1,452000.0,4.0,1.0
1,426000.0,4.0,2.5
1,792000.0,3.0,1.5
1,315000.0,3.0,2.25
1,1275000.0,4.0,2.0
1,326000.0,6.0,3.0
1,268500.0,2.0,1.0
1,440000.0,2.0,1.75
1,300000.0,3.0,1.0
1,525000.0,3.0,1.5
1,978000.0,4.0,2.75
1,1125000.0,6.0,3.0
1,700000.0,4.0,1.0
1,315000.0,2.0,1.0
1,309000.0,3.0,1.0
1,219950.0,3.0,1.5
1,289000.0,3.0,2.5
1,210000.0,4.0,1.75
1,260000.0,4.0,2.5
1,699000.0,4.0,2.5
1,1800000.0,4.0,3.5
1,299950.0,3.0,1.0
1,749950.0,3.0,2.5
1,1100000.0,3.0,2.0
1,555000.0,3.0,2.5
1,384000.0,3.0,2.5
1,499950.0,5.0,3.5
1,430000.0,3.0,1.75
1,350000.0,4.0,2.25
1,620000.0,3.0,2.5
1,765000.0,4.0,2.25
1,250000.0,4.0,1.5
1,376000.0,2.0,1.0
1,475000.0,4.0,1.75
1,120750.0,3.0,1.75
1,1690000.0,3.0,1.75
1,330000.0,3.0,1.0
1,619500.0,3.0,2.5
1,345000.0,3.0,1.5
1,598000.0,5.0,2.25
1,335000.0,3.0,1.0
1,372500.0,4.0,1.75
1,300000.0,6.0,5.25
1,194000.0,1.0,1.0
1,507500.0,3.0,2.0
1,325000.0,4.0,2.25
1,329900.0,3.0,2.5
1,329000.0,4.0,2.5
1,494000.0,4.0,1.75
1,206000.0,4.0,2.0
1,423000.0,4.0,1.75
1,259000.0,3.0,1.0
1,879950.0,4.0,2.25
1,345600.0,5.0,3.5
1,395000.0,3.0,1.5
1,625000.0,4.0,2.5
1,439000.0,3.0,2.0
1,380000.0,3.0,1.75
1,440000.0,3.0,1.5
1,415000.0,3.0,2.25
1,860000.0,4.0,2.75
1,500000.0,3.0,2.5
1,953007.0,4.0,3.5
1,515000.0,4.0,2.5
1,772000.0,3.0,2.25
1,329995.0,4.0,2.5
1,409316.0,3.0,2.5
1,490000.0,5.0,3.5
1,305000.0,2.0,2.5
1,785000.0,4.0,3.5
1,240000.0,2.0,1.75
1,325000.0,3.0,1.0
1,535800.0,4.0,2.5
1,720000.0,3.0,2.5
1,374000.0,3.0,1.75
1,189650.0,2.0,1.75
1,420850.0,1.0,1.0
1,815000.0,4.0,2.75
1,1065000.0,2.0,1.75
1,199000.0,4.0,2.0
1,195000.0,3.0,1.75
1,1506000.0,4.0,3.25
1,288400.0,3.0,2.25
1,442000.0,4.0,2.25
1,619420.0,4.0,2.75
1,635000.0,4.0,2.25
1,210000.0,3.0,1.0
1,512500.0,3.0,2.5
1,567000.0,3.0,2.5
1,525000.0,3.0,2.75
1,475000.0,4.0,2.0
1,250000.0,3.0,2.0
1,220000.0,3.0,1.0
1,230000.0,5.0,2.0
1,385500.0,3.0,2.0
1,895000.0,5.0,3.0
1,368250.0,3.0,2.5
1,249900.0,2.0,1.0
1,350000.0,3.0,1.5
1,175000.0,3.0,1.75
1,270000.0,3.0,1.75
1,495000.0,3.0,3.5
1,1580000.0,3.0,3.25
1,542500.0,5.0,3.25
1,330000.0,3.0,1.0
1,1003000.0,4.0,2.75
1,299800.0,2.0,1.0
1,299900.0,3.0,2.5
1,691000.0,4.0,2.75
1,195000.0,2.0,1.0
1,405000.0,3.0,1.75
1,256750.0,3.0,2.5
1,332500.0,3.0,2.25
1,975000.0,5.0,4.0
1,218000.0,3.0,1.0
1,429000.0,3.0,2.5
1,589000.0,4.0,2.5
1,255000.0,3.0,1.5
1,668750.0,4.0,2.5
1,344500.0,4.0,2.75
1,452000.0,4.0,2.0
1,540000.0,3.0,1.75
1,246000.0,3.0,1.5
1,535000.0,2.0,1.0
1,970000.0,4.0,3.25
1,430000.0,3.0,1.0
1,520000.0,4.0,2.5
1,712000.0,4.0,2.5
1,450000.0,2.0,1.0
1,220000.0,4.0,2.5
1,525000.0,3.0,1.0
1,1220000.0,4.0,2.5
1,540000.0,3.0,2.0
1,600000.0,4.0,2.5
1,600000.0,3.0,2.25
1,625000.0,4.0,2.5
1,150000.0,3.0,1.0
1,389999.0,3.0,2.25
1,285000.0,3.0,1.75
1,744000.0,4.0,2.75
1,700000.0,4.0,2.5
1,318989.0,4.0,2.25
1,556000.0,3.0,2.25
1,275000.0,3.0,2.5
1,430000.0,3.0,2.75
1,300000.0,2.0,1.0
1,396450.0,3.0,1.75
1,225000.0,2.0,1.0
1,700000.0,4.0,3.25
1,260000.0,6.0,2.0
1,655000.0,4.0,3.5
1,1185000.0,3.0,2.25
1,1550000.0,3.0,2.5
1,413800.0,3.0,2.0
1,950000.0,5.0,3.75
1,334990.0,4.0,2.5
1,2700000.0,5.0,4.75
1,1030000.0,3.0,4.0
1,1130000.0,4.0,3.25
1,556000.0,3.0,3.0
1,360000.0,3.0,2.5
1,480000.0,4.0,2.25
1,324000.0,3.0,2.5
1,1050000.0,4.0,3.25
1,180000.0,3.0,1.0
1,749000.0,4.0,2.5
1,1600000.0,3.0,2.5
1,373500.0,2.0,1.0
1,770000.0,4.0,2.5
1,356000.0,2.0,1.75
1,625000.0,3.0,1.75
1,494400.0,2.0,1.75
1,585000.0,4.0,1.75
1,926300.0,3.0,1.5
1,600000.0,3.0,1.75
1,430000.0,4.0,3.0
1,307000.0,3.0,1.5
1,604700.0,4.0,2.75
1,219900.0,3.0,1.0
1,270000.0,2.0,1.5
1,432000.0,3.0,2.25
1,300000.0,6.0,2.0
1,361000.0,3.0,1.0
1,249950.0,2.0,1.0
1,320000.0,3.0,2.0
1,305000.0,4.0,1.75
1,503000.0,2.0,1.75
1,235750.0,2.0,1.0
1,657000.0,4.0,1.75
1,385000.0,3.0,1.0
1,389950.0,4.0,2.5
1,150000.0,2.0,1.0
1,254500.0,4.0,2.75
1,555000.0,4.0,2.25
1,1075000.0,4.0,3.0
1,245000.0,4.0,2.0
1,319950.0,2.0,1.0
1,337000.0,3.0,1.0
1,492000.0,4.0,2.0
1,1170000.0,3.0,2.75
1,348580.0,3.0,1.0
1,180000.0,2.0,1.0
1,400000.0,3.0,1.0
1,295000.0,4.0,2.0
1,910000.0,4.0,3.25
1,1150000.0,6.0,4.5
1,431500.0,3.0,3.5
1,180000.0,4.0,1.5
1,677000.0,3.0,2.0
1,1180500.0,3.0,1.75
1,635700.0,4.0,2.5
1,482000.0,5.0,2.25
1,168000.0,2.0,2.5
1,805000.0,4.0,2.75
1,398000.0,2.0,1.0
1,665000.0,4.0,2.5
1,592500.0,4.0,3.0
1,940000.0,4.0,2.75
1,655000.0,4.0,2.5
1,622500.0,4.0,2.5
1,380000.0,2.0,2.5
1,648360.0,4.0,1.75
1,432000.0,3.0,2.75
1,1050000.0,4.0,2.5
1,353250.0,2.0,1.0
1,1000000.0,4.0,3.0
1,320000.0,3.0,2.25
1,349900.0,4.0,2.5
1,330000.0,4.0,3.5
1,408000.0,3.0,2.25
1,321000.0,3.0,2.25
1,1051000.0,4.0,3.75
1,2150000.0,4.0,5.5
1,359000.0,3.0,1.5
1,300000.0,5.0,2.5
1,380000.0,5.0,3.5
1,660000.0,3.0,2.5
1,355000.0,3.0,2.25
1,259000.0,3.0,2.5
1,353000.0,1.0,1.0
1,430000.0,2.0,2.5
1,460000.0,3.0,1.0
1,782000.0,4.0,2.5
1,218000.0,3.0,1.0
1,325000.0,3.0,1.0
1,980000.0,4.0,3.0
1,902000.0,4.0,2.25
1,556000.0,5.0,2.5
1,662990.0,3.0,1.75
1,225000.0,2.0,1.0
1,439950.0,4.0,2.5
1,175000.0,2.0,1.0
1,306000.0,2.0,1.0
1,235000.0,4.0,2.5
1,399500.0,3.0,1.75
1,478000.0,3.0,1.0
1,515000.0,2.0,1.0
1,550000.0,3.0,2.5
1,149000.0,3.0,1.0
1,526000.0,3.0,1.75
1,1050000.0,3.0,4.0
1,625000.0,3.0,2.5
1,950000.0,5.0,3.25
1,377691.0,5.0,1.75
1,648475.0,4.0,2.75
1,383000.0,3.0,1.0
1,535000.0,3.0,2.5
1,449950.0,3.0,2.0
1,465425.0,4.0,2.75
1,675000.0,4.0,2.5
1,599000.0,3.0,2.75
1,416000.0,3.0,1.5
1,595000.0,2.0,1.5
1,200000.0,4.0,1.0
1,402000.0,3.0,2.0
1,433000.0,4.0,1.75
1,275000.0,4.0,1.5
1,410000.0,3.0,2.0
1,554820.0,4.0,2.0
1,1325000.0,4.0,3.0
1,735000.0,3.0,2.5
1,607000.0,3.0,1.0
1,549900.0,4.0,3.0
1,258000.0,3.0,1.75
1,661254.0,4.0,4.0
1,945000.0,4.0,2.0
1,799950.0,4.0,3.5
1,132500.0,3.0,1.0
1,467100.0,3.0,1.75
1,1610000.0,4.0,3.5
1,641000.0,3.0,1.75
1,350000.0,3.0,1.0
1,335000.0,4.0,2.5
1,900000.0,3.0,3.5
1,440000.0,4.0,2.5
1,464600.0,3.0,1.75
1,1200000.0,4.0,3.5
1,300000.0,2.0,1.0
1,670500.0,4.0,2.0
1,552000.0,3.0,1.0
1,244000.0,4.0,1.0
1,788600.0,4.0,2.75
1,445000.0,3.0,2.0
1,530000.0,4.0,1.75
1,90000.0,2.0,1.0
1,585000.0,3.0,2.0
1,498000.0,2.0,2.0
1,379000.0,2.0,1.0
1,462000.0,3.0,1.75
1,388000.0,4.0,2.5
1,255000.0,3.0,2.0
1,665000.0,3.0,2.75
1,550000.0,3.0,2.0
1,606000.0,3.0,1.0
1,334000.0,4.0,2.5
1,360000.0,3.0,2.0
1,235000.0,2.0,1.0
1,580000.0,3.0,2.5
1,355000.0,3.0,2.0
1,375000.0,2.0,2.5
1,372000.0,4.0,1.75
1,479000.0,3.0,1.0
1,2000000.0,5.0,4.0
1,1680000.0,4.0,4.25
1,501000.0,2.0,1.0
1,245000.0,3.0,1.75
1,496700.0,3.0,2.5
1,347000.0,4.0,1.5
1,199000.0,2.0,1.0
1,440500.0,3.0,2.5
1,820000.0,4.0,2.5
1,325000.0,4.0,3.5
1,195000.0,3.0,1.75
1,675000.0,3.0,3.0
1,295000.0,3.0,2.5
1,355300.0,3.0,2.5
1,276000.0,3.0,1.0
1,460000.0,2.0,1.5
1,880000.0,3.0,2.0
1,370000.0,3.0,2.5
1,346000.0,4.0,2.5
1,172500.0,3.0,1.0
1,379950.0,3.0,1.5
1,468000.0,2.0,1.0
1,477000.0,4.0,2.75
1,529000.0,3.0,1.0
1,312000.0,3.0,1.5
1,326100.0,2.0,1.0
1,360000.0,3.0,1.0
1,438000.0,3.0,1.75
1,360000.0,3.0,1.0
1,1050000.0,4.0,2.5
1,688000.0,4.0,3.0
1,585000.0,3.0,1.75
1,265000.0,3.0,2.5
1,375000.0,3.0,1.75
1,326500.0,3.0,1.0
1,160000.0,2.0,1.0
1,1570000.0,4.0,3.75
1,735000.0,5.0,2.75
1,400000.0,2.0,1.0
1,800000.0,4.0,2.5
1,949880.0,4.0,2.25
1,405000.0,3.0,1.75
1,399000.0,4.0,2.5
1,730001.0,3.0,2.0
1,1795000.0,4.0,3.25
1,260000.0,3.0,2.0
1,751750.0,2.0,2.0
1,325000.0,3.0,1.75
1,344950.0,4.0,2.0
1,457500.0,3.0,1.75
1,389000.0,5.0,2.0
1,515000.0,4.0,2.5
1,732000.0,3.0,2.5
1,415000.0,3.0,2.25
1,1655000.0,4.0,3.5
1,535000.0,2.0,1.0
1,540000.0,4.0,4.25
1,525000.0,5.0,3.0
1,570000.0,3.0,1.75
1,569950.0,5.0,4.5
1,283200.0,4.0,2.5
1,1100000.0,3.0,2.75
1,830000.0,4.0,2.5
1,495000.0,4.0,2.25
1,292050.0,5.0,3.0
1,415000.0,5.0,1.5
1,295832.0,5.0,1.0
1,450000.0,4.0,2.5
1,1381000.0,4.0,3.75
1,857000.0,4.0,3.0
1,499950.0,3.0,3.5
1,465000.0,3.0,2.0
1,329000.0,3.0,1.0
1,475000.0,3.0,2.0
1,255000.0,3.0,1.0
1,435000.0,3.0,1.0
1,685000.0,3.0,2.5
1,715000.0,2.0,2.5
1,780000.0,3.0,3.0
1,345000.0,2.0,1.5
1,355000.0,4.0,2.25
1,282000.0,3.0,2.5
1,244000.0,3.0,1.0
1,967500.0,3.0,3.75
1,375000.0,3.0,1.5
1,1600000.0,3.0,3.25
1,527500.0,3.0,1.75
1,994000.0,3.0,2.25
1,313000.0,3.0,1.75
1,587000.0,3.0,2.25
1,304000.0,3.0,1.0
1,675000.0,3.0,2.5
1,305000.0,4.0,1.0
1,280000.0,3.0,1.0
1,960000.0,5.0,4.0
1,500000.0,3.0,2.25
1,274950.0,3.0,1.75
1,455600.0,3.0,2.5
1,970000.0,5.0,3.0
1,312900.0,4.0,2.5
1,535000.0,4.0,2.5
1,427000.0,2.0,1.0
1,405000.0,2.0,1.0
1,480000.0,3.0,1.0
1,725000.0,3.0,1.5
1,293000.0,4.0,2.5
1,268000.0,4.0,2.0
1,475000.0,4.0,3.5
1,488000.0,3.0,2.5
1,760000.0,4.0,2.5
1,1710000.0,5.0,4.5
1,754950.0,3.0,2.5
1,263900.0,3.0,2.5
1,460000.0,3.0,3.5
1,399950.0,3.0,3.0
1,370000.0,2.0,2.25
1,1149000.0,4.0,3.0
1,450800.0,4.0,3.25
1,627000.0,3.0,3.5
1,495000.0,3.0,2.5
1,310000.0,3.0,1.0
1,550000.0,4.0,1.0
1,215000.0,2.0,1.0
1,799000.0,4.0,3.0
1,630000.0,4.0,2.5
1,267000.0,3.0,2.5
1,900000.0,6.0,2.75
1,365000.0,3.0,1.5
1,544500.0,4.0,2.5
1,599000.0,4.0,2.75
1,815000.0,4.0,2.25
1,254000.0,2.0,1.0
1,740000.0,2.0,1.75
1,225000.0,3.0,2.0
1,925000.0,3.0,2.5
1,1285000.0,4.0,2.5
1,537000.0,3.0,2.5
1,335000.0,4.0,2.0
1,840000.0,4.0,2.75
1,224000.0,3.0,1.5
1,395000.0,3.0,2.5
1,450000.0,3.0,1.0
1,681000.0,3.0,1.0
1,898000.0,5.0,1.5
1,370000.0,3.0,1.0
1,429000.0,2.0,1.75
1,150000.0,3.0,1.0
1,555000.0,3.0,2.5
1,326000.0,3.0,2.75
1,225000.0,3.0,2.5
1,245100.0,3.0,1.75
1,665000.0,3.0,2.5
1,535000.0,3.0,2.5
1,305000.0,3.0,1.0
1,999000.0,7.0,4.0
1,215000.0,3.0,1.75
1,432500.0,3.0,1.75
1,655000.0,4.0,2.5
1,266200.0,3.0,1.5
1,244615.0,3.0,2.5
1,460000.0,4.0,3.0
1,370000.0,4.0,2.5
1,465000.0,6.0,3.25
1,1175000.0,3.0,2.5
1,189000.0,2.0,2.0
1,820000.0,3.0,2.5
1,968000.0,6.0,2.75
1,1400000.0,4.0,3.25
1,438750.0,3.0,1.75
1,1210000.0,4.0,2.75
1,600000.0,4.0,2.0
1,589000.0,3.0,1.0
1,590000.0,3.0,2.0
1,479900.0,3.0,2.0
1,210000.0,2.0,1.5
1,745000.0,3.0,1.75
1,840500.0,3.0,2.0
1,420000.0,3.0,1.75
1,565000.0,7.0,4.5
1,840000.0,4.0,2.5
1,681716.0,4.0,2.5
1,600000.0,3.0,1.75
1,380000.0,3.0,2.0
1,168500.0,3.0,1.0
1,355000.0,2.0,1.0
1,277000.0,4.0,1.0
1,236000.0,4.0,2.25
1,270000.0,3.0,1.75
1,700000.0,2.0,1.75
1,425000.0,4.0,2.75
1,635000.0,3.0,2.5
1,510250.0,3.0,1.75
1,960000.0,4.0,2.25
1,254000.0,3.0,2.0
1,299000.0,3.0,1.0
1,175000.0,2.0,1.0
1,157500.0,2.0,1.0
1,580000.0,5.0,2.0
1,124740.0,3.0,1.0
1,1970000.0,8.0,3.5
1,285000.0,2.0,1.0
1,242000.0,3.0,1.75
1,840000.0,4.0,1.75
1,474800.0,2.0,3.25
1,490000.0,4.0,2.5
1,465000.0,3.0,2.25
1,515000.0,4.0,2.5
1,430000.0,3.0,3.75
1,253400.0,3.0,2.0
1,355000.0,3.0,2.5
1,740000.0,4.0,2.25
1,186950.0,2.0,2.0
1,306000.0,3.0,2.5
1,510000.0,4.0,1.5
1,345000.0,2.0,1.0
1,875000.0,3.0,2.75
1,700000.0,4.0,3.5
1,1400000.0,4.0,3.25
1,499950.0,4.0,2.5
1,739000.0,3.0,2.5
1,363000.0,4.0,2.5
1,782000.0,4.0,3.5
1,325000.0,2.0,2.5
1,485000.0,4.0,1.0
1,452000.0,4.0,2.25
1,264950.0,4.0,2.25
1,472000.0,6.0,2.5
1,267500.0,3.0,1.75
1,565000.0,4.0,2.5
1,535000.0,3.0,2.5
1,389000.0,2.0,1.0
1,400000.0,4.0,1.5
1,264000.0,3.0,1.5
1,690000.0,4.0,2.5
1,412000.0,3.0,1.75
1,695000.0,3.0,2.5
1,246500.0,3.0,1.5
1,230000.0,2.0,1.0
1,302000.0,2.0,1.0
1,820000.0,4.0,2.25
1,145000.0,3.0,1.0
1,436500.0,2.0,1.0
1,2453500.0,4.0,3.5
1,672000.0,3.0,2.5
1,680000.0,3.0,2.25
1,750500.0,5.0,3.0
1,550000.0,5.0,2.0
1,266500.0,4.0,1.75
1,619000.0,4.0,2.0
1,405000.0,3.0,2.0
1,300000.0,2.0,1.0
1,231000.0,4.0,2.0
1,790000.0,5.0,3.25
1,400000.0,4.0,2.75
1,950000.0,4.0,3.5
1,450000.0,4.0,2.0
1,595000.0,3.0,2.0
1,332000.0,3.0,2.25
1,155000.0,3.0,1.0
1,400000.0,5.0,2.0
1,349000.0,4.0,1.75
1,529000.0,3.0,1.0
1,405000.0,5.0,1.75
1,635200.0,4.0,1.75
1,540000.0,3.0,1.5
1,402000.0,2.0,1.0
1,3100000.0,6.0,4.25
1,329932.0,3.0,1.5
1,300000.0,3.0,2.5
1,525000.0,5.0,2.5
1,2750000.0,4.0,3.25
1,602500.0,4.0,2.5
1,400000.0,4.0,2.0
1,445000.0,4.0,1.75
1,525000.0,3.0,3.0
1,395000.0,2.0,1.0
1,510000.0,3.0,1.5
1,723000.0,4.0,2.25
1,503000.0,3.0,2.0
1,672500.0,4.0,2.75
1,860000.0,3.0,2.5
1,475300.0,3.0,1.0
1,295000.0,4.0,2.5
1,1425000.0,4.0,4.25
1,250000.0,2.0,1.0
1,658000.0,4.0,2.75
1,83000.0,2.0,1.0
1,685000.0,3.0,1.75
1,210000.0,3.0,1.75
1,650880.0,3.0,2.5
1,350000.0,4.0,2.5
1,305000.0,2.0,2.25
1,645000.0,3.0,3.25
1,385000.0,3.0,1.0
1,860000.0,3.0,2.25
1,395000.0,4.0,2.5
1,260000.0,3.0,1.75
1,196440.0,3.0,2.0
1,425000.0,3.0,1.75
1,2400000.0,4.0,3.25
1,369000.0,3.0,2.0
1,1385000.0,6.0,2.75
1,349900.0,3.0,2.5
1,650000.0,2.0,2.5
1,299950.0,3.0,1.0
1,625000.0,4.0,3.25
1,190000.0,3.0,2.25
1,715000.0,4.0,1.75
1,659000.0,4.0,2.5
1,490000.0,3.0,1.75
1,415000.0,2.0,1.75
1,750000.0,3.0,1.75
1,700000.0,4.0,2.5
1,425000.0,3.0,1.75
1,642000.0,3.0,2.5
1,655000.0,4.0,2.25
1,1365000.0,3.0,2.5
1,458000.0,5.0,2.5
1,330000.0,2.0,2.5
1,384950.0,3.0,2.5
1,560000.0,3.0,1.5
1,950000.0,4.0,1.75
1,465000.0,4.0,2.25
1,425000.0,3.0,2.25
1,315000.0,3.0,2.0
1,530000.0,3.0,2.5
1,399000.0,2.0,1.0
1,168000.0,2.0,1.5
1,1886700.0,5.0,3.5
1,374000.0,3.0,1.0
1,740000.0,5.0,3.75
1,280000.0,2.0,1.0
1,322000.0,4.0,2.5
1,459900.0,3.0,1.75
1,750000.0,4.0,2.75
1,1256500.0,4.0,2.5
1,3710000.0,4.0,3.5
1,427000.0,5.0,2.75
1,800000.0,2.0,2.25
1,735000.0,4.0,3.0
1,642000.0,4.0,2.5
1,240000.0,3.0,2.0
1,645500.0,2.0,1.0
1,840000.0,7.0,4.5
1,475000.0,2.0,2.0
1,568000.0,4.0,2.0
1,325000.0,3.0,1.75
1,825500.0,3.0,2.5
1,499431.0,4.0,2.75
1,919204.0,4.0,3.5
1,545000.0,4.0,2.5
1,660000.0,3.0,2.25
1,538888.0,5.0,2.75
1,693000.0,3.0,2.5
1,289950.0,3.0,2.5
1,587000.0,4.0,2.5
1,615000.0,3.0,2.25
1,459000.0,3.0,1.75
1,243000.0,3.0,1.75
1,1505000.0,4.0,3.5
1,660000.0,4.0,1.75
1,1595000.0,5.0,3.0
1,250000.0,1.0,1.0
1,315000.0,3.0,1.0
1,404000.0,3.0,1.5
1,559900.0,3.0,2.75
1,285000.0,2.0,2.5
1,500000.0,3.0,2.0
1,380000.0,2.0,1.0
1,469000.0,3.0,1.0
1,405000.0,2.0,1.75
1,439900.0,2.0,2.0
1,525000.0,4.0,2.5
1,580000.0,4.0,2.5
1,1250000.0,5.0,3.25
1,275000.0,3.0,2.0
1,629000.0,3.0,2.0
1,395000.0,1.0,1.0
1,965000.0,4.0,2.5
1,820000.0,3.0,1.75
1,661000.0,4.0,2.25
1,789000.0,3.0,3.0
1,668500.0,4.0,2.5
1,350000.0,3.0,2.5
1,250000.0,4.0,2.0
1,725995.0,4.0,2.5
1,1000000.0,3.0,2.5
1,686000.0,3.0,1.5
1,665000.0,4.0,2.5
1,1965221.0,4.0,3.5
1,653000.0,3.0,2.5
1,430000.0,2.0,1.0
1,305000.0,2.0,1.5
1,809000.0,4.0,1.5
1,440150.0,2.0,1.0
1,615000.0,4.0,2.5
1,1035000.0,3.0,2.5
1,455000.0,2.0,1.0
1,635000.0,3.0,2.5
1,675000.0,3.0,2.25
1,316000.0,3.0,2.25
1,955000.0,3.0,2.25
1,985000.0,3.0,1.75
1,465500.0,3.0,1.75
1,305000.0,3.0,1.0
1,645000.0,4.0,2.5
1,730000.0,4.0,2.0
1,366000.0,3.0,1.75
1,290000.0,3.0,2.5
1,472500.0,3.0,2.0
1,550000.0,3.0,2.0
1,410000.0,4.0,1.75
1,440000.0,4.0,2.75
1,535000.0,3.0,2.5
1,300000.0,4.0,2.5
1,432500.0,3.0,2.5
1,870000.0,4.0,3.0
1,492000.0,3.0,1.75
1,199950.0,3.0,1.0
1,439800.0,3.0,1.5
1,320000.0,5.0,2.5
1,687000.0,4.0,3.25
1,345000.0,3.0,1.75
1,274950.0,3.0,1.0
1,270000.0,4.0,2.5
1,342000.0,2.0,2.5
1,327000.0,3.0,1.5
1,610000.0,5.0,2.5
1,455000.0,2.0,1.0
1,540000.0,4.0,1.75
1,411000.0,4.0,2.75
1,544000.0,3.0,1.5
1,802000.0,2.0,2.5
1,568500.0,3.0,2.75
1,391000.0,3.0,2.25
1,298000.0,3.0,2.5
1,400000.0,3.0,2.5
1,425000.0,3.0,2.25
1,328500.0,3.0,2.5
1,650000.0,5.0,2.75
1,850000.0,3.0,1.75
1,930000.0,4.0,2.5
1,530000.0,3.0,1.75
1,495000.0,4.0,2.25
1,500000.0,3.0,1.75
1,325000.0,3.0,1.75
1,365000.0,3.0,2.5
1,471000.0,4.0,2.5
1,223000.0,3.0,1.0
1,503000.0,3.0,2.5
1,230000.0,3.0,2.0
1,550000.0,4.0,2.5
1,1100000.0,4.0,3.75
1,193000.0,3.0,1.5
1,590000.0,4.0,4.25
1,712500.0,3.0,1.5
1,689800.0,3.0,2.75
1,430000.0,3.0,2.0
1,785200.0,3.0,2.25
1,474900.0,3.0,2.25
1,1070000.0,4.0,3.75
1,435000.0,3.0,1.75
1,941500.0,5.0,3.5
1,312000.0,4.0,2.5
1,835000.0,4.0,2.75
1,713250.0,3.0,2.0
1,440000.0,2.0,1.0
1,580135.0,4.0,2.5
1,575000.0,3.0,2.25
1,613000.0,3.0,2.5
1,235000.0,3.0,2.0
1,660000.0,3.0,2.5
1,280000.0,2.0,1.5
1,268000.0,3.0,1.75
1,235000.0,2.0,1.0
1,390000.0,3.0,2.0
1,654950.0,4.0,2.5
1,449500.0,5.0,2.75
1,150000.0,3.0,1.0
1,440000.0,3.0,2.25
1,710000.0,3.0,2.0
1,420000.0,3.0,1.75
1,312000.0,3.0,2.25
1,320000.0,3.0,2.0
1,235000.0,3.0,1.0
1,437000.0,5.0,2.0
1,545000.0,3.0,1.75
1,640000.0,3.0,2.5
1,432000.0,3.0,2.5
1,548000.0,3.0,2.5
1,830000.0,3.0,3.0
1,875000.0,4.0,2.25
1,409950.0,2.0,1.75
1,695000.0,4.0,2.5
1,562100.0,3.0,2.25
1,475000.0,3.0,2.5
1,425000.0,3.0,2.25
1,600000.0,4.0,2.5
1,770000.0,3.0,2.5
1,239000.0,3.0,1.75
1,295000.0,2.0,1.0
1,560000.0,3.0,1.75
1,613000.0,5.0,2.5
1,960000.0,4.0,3.0
1,847000.0,5.0,1.0
1,206000.0,3.0,1.0
1,253000.0,2.0,1.75
1,430000.0,4.0,2.25
1,605000.0,3.0,2.0
1,425000.0,2.0,2.5
1,720000.0,4.0,2.5
1,375900.0,6.0,1.5
1,1298000.0,4.0,3.5
1,210000.0,3.0,1.0
1,234000.0,2.0,1.0
1,285000.0,3.0,1.75
1,400000.0,3.0,1.5
1,718000.0,3.0,1.0
1,174500.0,2.0,2.5
1,222400.0,3.0,2.0
1,402500.0,3.0,3.25
1,250000.0,3.0,2.25
1,600000.0,4.0,2.5
1,930000.0,2.0,2.5
1,272500.0,3.0,2.0
1,363990.0,4.0,2.5
1,575000.0,4.0,2.75
1,400000.0,3.0,2.25
1,427874.0,3.0,3.0
1,309000.0,5.0,2.75
1,320000.0,3.0,3.25
1,390000.0,3.0,2.25
1,375000.0,4.0,1.75
1,240500.0,3.0,1.75
1,320000.0,3.0,1.5
1,1270000.0,5.0,2.5
1,658588.0,3.0,2.25
1,270000.0,3.0,2.25
1,327500.0,3.0,1.0
1,340000.0,3.0,1.75
1,200000.0,3.0,1.5
1,1025000.0,3.0,1.75
1,275000.0,3.0,2.5
1,1126000.0,5.0,3.5
1,280000.0,2.0,1.0
1,485000.0,3.0,2.5
1,1901000.0,3.0,2.5
1,865000.0,3.0,1.75
1,532000.0,3.0,2.5
1,364950.0,4.0,2.5
1,212500.0,3.0,1.0
1,135000.0,1.0,1.0
1,437000.0,2.0,1.75
1,390000.0,3.0,1.0
1,760000.0,4.0,2.5
1,119500.0,3.0,1.0
1,2400000.0,5.0,3.25
1,837500.0,4.0,2.5
1,327500.0,4.0,1.75
1,175000.0,2.0,1.0
1,289950.0,3.0,2.0
1,400000.0,3.0,1.75
1,219950.0,3.0,2.25
1,161700.0,4.0,1.75
1,500000.0,5.0,3.0
1,465000.0,3.0,1.0
1,540000.0,3.0,1.0
1,525000.0,3.0,2.0
1,324950.0,3.0,1.0
1,565000.0,5.0,2.5
1,760500.0,3.0,2.0
1,1100000.0,5.0,2.75
1,603500.0,4.0,2.5
1,453500.0,5.0,2.5
1,583000.0,6.0,2.75
1,275000.0,2.0,1.0
1,875000.0,4.0,2.75
1,335000.0,4.0,2.75
1,646000.0,4.0,2.25
1,392500.0,4.0,2.5
1,785000.0,3.0,1.75
1,470000.0,3.0,2.0
1,560000.0,3.0,2.5
1,519000.0,2.0,1.0
1,746000.0,3.0,2.25
1,317000.0,3.0,1.0
1,371000.0,3.0,1.5
1,250000.0,4.0,2.0
1,532000.0,4.0,1.75
1,499950.0,3.0,2.5
1,375000.0,2.0,1.0
1,640000.0,3.0,2.5
1,400000.0,3.0,2.0
1,572000.0,3.0,2.25
1,310000.0,3.0,2.0
1,989000.0,5.0,3.5
1,685000.0,4.0,2.5
1,907500.0,4.0,2.5
1,427500.0,4.0,2.5
1,860000.0,3.0,3.25
1,365000.0,2.0,1.0
1,250500.0,3.0,2.0
1,411715.0,3.0,1.75
1,415000.0,4.0,2.5
1,129000.0,1.0,1.0
1,489000.0,3.0,1.5
1,170000.0,2.0,1.0
1,418500.0,3.0,2.5
1,261000.0,3.0,1.5
1,2005000.0,6.0,4.5
1,355000.0,2.0,1.75
1,742000.0,3.0,3.25
1,399950.0,3.0,1.5
1,791000.0,3.0,2.25
1,190000.0,5.0,2.0
1,229500.0,3.0,1.75
1,539000.0,3.0,2.5
1,549000.0,4.0,2.25
1,545000.0,5.0,2.5
1,285000.0,3.0,2.5
1,648000.0,4.0,2.5
1,610000.0,4.0,3.5
1,767450.0,3.0,2.0
1,765000.0,4.0,3.0
1,586500.0,3.0,2.5
1,520000.0,3.0,3.25
1,455000.0,3.0,1.75
1,653000.0,3.0,2.5
1,279950.0,3.0,2.0
1,449950.0,3.0,2.5
1,565000.0,3.0,2.75
1,620000.0,4.0,2.25
1,269000.0,3.0,1.0
1,875000.0,3.0,3.5
1,630000.0,4.0,3.75
1,425000.0,4.0,2.75
1,647500.0,3.0,1.75
1,450000.0,4.0,1.0
1,440000.0,3.0,1.0
1,445000.0,4.0,2.5
1,530000.0,4.0,2.25
1,875000.0,5.0,2.5
1,685000.0,3.0,2.75
1,798000.0,3.0,3.5
1,297500.0,4.0,2.5
1,749950.0,4.0,2.75
1,495000.0,5.0,3.0
1,540000.0,4.0,2.25
1,395000.0,3.0,1.75
1,1300000.0,6.0,4.5
1,1075000.0,5.0,4.75
1,214100.0,2.0,2.5
1,210000.0,4.0,1.5
1,499500.0,3.0,2.5
1,546000.0,2.0,1.0
1,292000.0,5.0,2.5
1,289000.0,3.0,2.0
1,240000.0,3.0,1.0
1,395000.0,4.0,3.0
1,795000.0,4.0,2.25
1,955000.0,4.0,4.25
1,725000.0,4.0,2.75
1,335000.0,4.0,2.5
1,492000.0,4.0,3.75
1,250000.0,3.0,2.5
1,700000.0,3.0,1.75
1,545000.0,3.0,1.75
1,555000.0,4.0,2.75
1,640000.0,3.0,1.75
1,390000.0,3.0,2.0
1,466500.0,3.0,1.0
1,372500.0,3.0,1.5
1,1800000.0,5.0,4.5
1,255000.0,3.0,2.5
1,466800.0,3.0,2.5
1,749000.0,3.0,2.5
1,610000.0,4.0,1.75
1,356000.0,2.0,1.0
1,165000.0,3.0,1.0
1,229000.0,2.0,1.0
1,530000.0,4.0,3.25
1,499950.0,3.0,2.5
1,619000.0,4.0,1.75
1,547000.0,3.0,2.5
1,359800.0,4.0,2.5
1,499000.0,3.0,3.5
1,189000.0,3.0,1.0
1,799000.0,4.0,3.5
1,257000.0,4.0,2.75
1,270000.0,3.0,1.5
1,453500.0,4.0,1.75
1,237000.0,3.0,1.0
1,456000.0,4.0,1.75
1,355500.0,3.0,2.5
1,299950.0,4.0,1.75
1,335000.0,3.0,2.0
1,268500.0,4.0,2.5
1,385000.0,3.0,2.25
1,376000.0,4.0,2.75
1,605004.0,4.0,2.0
1,886000.0,4.0,2.0
1,560000.0,4.0,2.5
1,343000.0,4.0,2.5
1,1415000.0,4.0,5.25
1,270000.0,3.0,1.0
1,411605.0,4.0,2.5
1,550000.0,4.0,2.5
1,465000.0,3.0,2.25
1,584000.0,3.0,2.5
1,275000.0,3.0,3.0
1,324500.0,3.0,2.5
1,700000.0,3.0,2.5
1,385200.0,4.0,1.0
1,270000.0,4.0,2.25
1,735000.0,4.0,2.5
1,389250.0,2.0,1.5
1,315000.0,3.0,1.5
1,545000.0,4.0,2.5
1,550000.0,3.0,1.5
1,415000.0,3.0,1.75
1,387500.0,3.0,1.0
1,432000.0,3.0,1.75
1,402000.0,3.0,2.5
1,1035000.0,4.0,3.25
1,294700.0,3.0,2.0
1,744000.0,3.0,2.5
1,715000.0,3.0,2.5
1,500000.0,4.0,1.0
1,1300000.0,4.0,4.0
1,1150000.0,3.0,1.5
1,650000.0,4.0,2.5
1,435000.0,4.0,2.75
1,510000.0,3.0,1.75
1,525000.0,5.0,2.75
1,920000.0,4.0,2.75
1,200000.0,2.0,1.0
1,435000.0,2.0,1.0
1,809950.0,4.0,2.0
1,1370000.0,2.0,2.25
1,455000.0,4.0,1.75
1,471000.0,3.0,2.5
1,253500.0,2.0,1.0
1,185000.0,3.0,1.0
1,535500.0,3.0,1.5
1,835000.0,2.0,2.0
1,589500.0,4.0,2.5
1,680000.0,3.0,2.25
1,360000.0,3.0,1.75
1,595000.0,4.0,2.5
1,300000.0,4.0,2.5
1,660000.0,3.0,1.75
1,570000.0,3.0,2.5
1,285000.0,2.0,1.0
1,435000.0,3.0,2.0
1,160000.0,3.0,1.0
1,805000.0,5.0,2.5
1,450000.0,3.0,2.5
1,510000.0,4.0,1.5
1,1120000.0,5.0,2.75
1,1280000.0,4.0,3.5
1,539000.0,3.0,2.0
1,407193.0,4.0,2.0
1,320000.0,3.0,1.75
1,739000.0,4.0,3.0
1,452000.0,2.0,1.75
1,600000.0,4.0,2.5
1,279000.0,5.0,2.5
1,895000.0,4.0,3.0
1,585000.0,4.0,2.5
1,405000.0,2.0,2.0
1,837219.0,5.0,2.75
1,969990.0,4.0,2.5
1,490000.0,3.0,3.0
1,611000.0,6.0,2.5
1,462000.0,4.0,2.5
1,540000.0,4.0,2.5
1,260000.0,4.0,2.5
1,510000.0,4.0,2.25
1,567500.0,3.0,2.5
1,445000.0,2.0,1.0
1,684680.0,4.0,2.25
1,2700000.0,4.0,3.25
1,455000.0,3.0,1.0
1,540000.0,5.0,3.0
1,530000.0,3.0,2.75
1,410000.0,3.0,1.0
1,450000.0,3.0,1.75
1,609900.0,4.0,2.5
1,648000.0,4.0,2.5
1,550000.0,3.0,2.5
1,347000.0,3.0,1.75
1,1635000.0,5.0,3.5
1,1339000.0,4.0,2.5
1,288350.0,3.0,1.5
1,1150000.0,3.0,2.5
1,525000.0,3.0,3.0
1,250250.0,3.0,2.25
1,341000.0,4.0,1.75
1,700000.0,4.0,3.0
1,390000.0,4.0,1.75
1,539950.0,3.0,2.25
1,552000.0,2.0,2.5
1,250000.0,5.0,1.5
1,502000.0,3.0,1.75
1,480000.0,4.0,1.75
1,378500.0,2.0,1.0
1,1350000.0,4.0,3.25
1,1900000.0,4.0,3.25
1,605000.0,3.0,2.5
1,307550.0,4.0,2.5
1,304700.0,2.0,1.0
1,568000.0,3.0,1.75
1,385000.0,3.0,1.75
1,345000.0,3.0,2.5
1,435000.0,3.0,2.25
1,579000.0,2.0,2.0
1,236000.0,3.0,1.75
1,305100.0,3.0,2.0
1,368000.0,3.0,1.75
1,255000.0,2.0,1.0
1,400000.0,2.0,1.0
1,440000.0,3.0,1.75
1,417000.0,2.0,1.0
1,435000.0,2.0,1.0
1,475000.0,4.0,2.75
1,563500.0,4.0,2.5
1,285000.0,3.0,2.25
1,471000.0,4.0,2.5
1,500000.0,4.0,1.75
1,640000.0,3.0,2.5
1,442500.0,4.0,2.5
1,213400.0,3.0,1.5
1,831000.0,4.0,2.5
1,325000.0,3.0,2.0
1,425000.0,2.0,1.0
1,550000.0,4.0,2.5
1,599950.0,4.0,3.5
1,1225000.0,4.0,2.5
1,750000.0,4.0,3.25
1,290000.0,4.0,3.0
1,270000.0,4.0,2.75
1,229950.0,4.0,1.75
1,234999.0,3.0,1.0
1,265000.0,2.0,1.0
1,367300.0,4.0,2.75
1,550000.0,3.0,1.75
1,743700.0,4.0,2.5
1,352750.0,2.0,1.75
1,403950.0,2.0,1.0
1,980000.0,4.0,2.5
1,585000.0,4.0,1.75
1,554000.0,3.0,1.75
1,546000.0,3.0,2.5
1,280000.0,2.0,1.75
1,212500.0,2.0,2.0
1,739000.0,4.0,2.5
1,428000.0,3.0,2.0
1,965000.0,4.0,2.25
1,364900.0,3.0,3.0
1,559000.0,3.0,1.5
1,213000.0,4.0,1.75
1,620000.0,3.0,2.5
1,240000.0,4.0,1.0
1,852500.0,3.0,2.5
1,600000.0,3.0,2.5
1,410000.0,3.0,2.5
1,328000.0,3.0,1.75
1,625000.0,3.0,1.75
1,649950.0,4.0,2.5
1,235000.0,3.0,1.0
1,489000.0,3.0,3.5
1,536000.0,3.0,2.5
1,400000.0,4.0,3.5
1,398000.0,3.0,2.5
1,379000.0,4.0,1.5
1,345000.0,2.0,1.5
1,365000.0,3.0,2.5
1,315000.0,3.0,2.5
1,571000.0,4.0,2.0
1,1025000.0,5.0,4.0
1,695000.0,3.0,2.75
1,225000.0,3.0,1.75
1,740000.0,3.0,2.5
1,315000.0,4.0,2.5
1,1230000.0,4.0,2.5
1,420000.0,2.0,1.0
1,310000.0,3.0,1.75
1,700000.0,3.0,2.0
1,269000.0,3.0,2.5
1,369990.0,4.0,2.5
1,800000.0,3.0,2.25
1,569000.0,5.0,3.0
1,175000.0,6.0,1.5
1,440000.0,3.0,1.5
1,435000.0,5.0,2.25
1,345000.0,3.0,1.75
1,558000.0,4.0,2.0
1,475000.0,2.0,1.75
1,490000.0,3.0,2.0
1,335000.0,3.0,1.75
1,100000.0,4.0,1.0
1,417500.0,4.0,1.0
1,253000.0,3.0,1.75
1,1240000.0,5.0,3.0
1,490000.0,4.0,2.5
1,470000.0,3.0,1.75
1,483300.0,4.0,2.0
1,659000.0,3.0,2.5
1,480000.0,4.0,1.75
1,165000.0,3.0,1.0
1,659500.0,3.0,1.75
1,219900.0,3.0,1.0
1,315000.0,2.0,1.0
1,250000.0,3.0,1.75
1,268000.0,2.0,1.0
1,380000.0,4.0,1.5
1,499000.0,2.0,1.0
1,285000.0,2.0,2.0
1,183000.0,3.0,1.75
1,1070000.0,3.0,3.0
1,429000.0,3.0,3.25
1,403000.0,2.0,1.0
1,375500.0,3.0,1.5
1,1795000.0,5.0,3.25
1,516200.0,3.0,2.0
1,385000.0,4.0,1.75
1,515000.0,3.0,2.5
1,375000.0,4.0,2.5
1,650000.0,4.0,2.25
1,306888.0,2.0,1.5
1,870000.0,4.0,2.5
1,310000.0,4.0,1.0
1,251750.0,3.0,2.0
1,366000.0,3.0,1.75
1,429950.0,3.0,1.5
1,710000.0,3.0,3.5
1,895000.0,5.0,2.5
1,149500.0,3.0,1.0
1,310000.0,3.0,2.5
1,555000.0,3.0,2.0
1,750000.0,5.0,3.25
1,745000.0,4.0,3.25
1,695000.0,3.0,2.5
1,433000.0,3.0,1.75
1,307000.0,4.0,1.0
1,655275.0,3.0,1.75
1,392000.0,4.0,2.75
1,1180000.0,5.0,3.75
1,359950.0,3.0,1.75
1,360000.0,4.0,2.0
1,566000.0,4.0,1.75
1,700000.0,5.0,2.75
1,415000.0,3.0,2.5
1,199500.0,3.0,1.0
1,749000.0,3.0,1.0
1,680000.0,3.0,1.75
1,400000.0,4.0,2.5
1,608000.0,4.0,2.75
1,589900.0,4.0,4.5
1,480000.0,5.0,2.5
1,1059500.0,5.0,3.25
1,915000.0,6.0,3.75
1,695000.0,4.0,3.5
1,899900.0,4.0,2.5
1,499950.0,2.0,2.25
1,533112.0,4.0,2.75
1,303210.0,4.0,2.5
1,525000.0,5.0,2.75
1,399950.0,2.0,1.0
1,850830.0,3.0,2.5
1,371500.0,3.0,2.0
1,522000.0,3.0,1.75
1,588000.0,4.0,2.0
1,276900.0,2.0,1.0
1,248000.0,5.0,1.5
1,280000.0,3.0,2.5
1,495000.0,6.0,5.0
1,665000.0,6.0,3.0
1,290300.0,2.0,1.0
1,527000.0,2.0,1.75
1,487028.0,2.0,1.5
1,325000.0,3.0,1.75
1,799000.0,3.0,1.5
1,7062500.0,5.0,4.5
1,354000.0,3.0,1.0
1,262500.0,3.0,1.5
1,560200.0,3.0,2.5
1,220000.0,3.0,1.0
1,650000.0,2.0,1.0
1,435000.0,3.0,2.5
1,800000.0,4.0,3.75
1,1010000.0,4.0,2.5
1,200000.0,2.0,1.0
1,295000.0,5.0,3.5
1,580379.0,4.0,2.75
1,875000.0,4.0,2.5
1,515000.0,3.0,2.5
1,599000.0,4.0,2.5
1,285000.0,3.0,2.5
1,290000.0,3.0,1.75
1,355000.0,1.0,1.75
1,381000.0,3.0,1.5
1,571000.0,3.0,2.5
1,852600.0,4.0,2.5
1,1085000.0,5.0,2.5
1,371000.0,3.0,1.0
1,514000.0,3.0,1.75
1,386000.0,3.0,1.5
1,464000.0,4.0,2.5
1,335000.0,4.0,2.25
1,740000.0,4.0,2.75
1,465000.0,4.0,1.75
1,700000.0,3.0,2.75
1,785000.0,3.0,3.5
1,350000.0,3.0,3.25
1,148000.0,1.0,1.0
1,530000.0,3.0,1.75
1,349000.0,3.0,2.5
1,240000.0,3.0,1.5
1,330000.0,3.0,2.5
1,735000.0,4.0,1.75
1,545000.0,3.0,2.5
1,214950.0,3.0,1.75
1,657500.0,4.0,2.75
1,476000.0,3.0,1.0
1,2888000.0,5.0,6.25
1,110000.0,2.0,1.0
1,292000.0,4.0,2.75
1,317000.0,3.0,1.0
1,455000.0,4.0,2.5
1,1365000.0,5.0,3.5
1,460000.0,3.0,2.0
1,405000.0,3.0,2.0
1,333000.0,2.0,1.0
1,427000.0,4.0,1.0
1,742000.0,4.0,2.5
1,465000.0,4.0,2.5
1,809950.0,4.0,2.5
1,619400.0,4.0,2.0
1,762400.0,3.0,1.75
1,535000.0,5.0,2.25
1,881000.0,5.0,3.0
1,813000.0,4.0,2.75
1,234000.0,3.0,2.0
1,308900.0,3.0,2.5
1,450000.0,4.0,2.5
1,547500.0,3.0,3.5
1,399950.0,2.0,1.0
1,516000.0,4.0,3.5
1,250000.0,2.0,1.5
1,475000.0,3.0,2.25
1,415000.0,4.0,2.5
1,545000.0,2.0,1.25
1,329950.0,3.0,2.5
1,1325000.0,5.0,2.25
1,784000.0,3.0,3.5
1,610750.0,4.0,2.25
1,578000.0,4.0,2.5
1,1485000.0,4.0,3.75
1,501000.0,3.0,1.75
1,465250.0,5.0,2.0
1,2250000.0,5.0,4.25
1,315000.0,2.0,1.0
1,900000.0,4.0,2.25
1,789500.0,4.0,2.5
1,678500.0,3.0,2.0
1,342500.0,3.0,2.0
1,860000.0,4.0,3.25
1,306000.0,4.0,2.5
1,580000.0,5.0,2.0
1,405000.0,3.0,1.0
1,510000.0,3.0,1.75
1,173000.0,2.0,1.0
1,210000.0,4.0,1.75
1,445000.0,3.0,1.0
1,585000.0,3.0,2.5
1,381000.0,3.0,1.75
1,890000.0,3.0,2.25
1,235000.0,3.0,1.75
1,480000.0,3.0,2.5
1,575000.0,2.0,1.0
1,350000.0,4.0,2.25
1,259000.0,4.0,1.5
1,599000.0,5.0,2.75
1,210000.0,4.0,1.5
1,1184000.0,4.0,2.5
1,545000.0,3.0,1.0
1,299995.0,3.0,2.5
1,440000.0,3.0,1.0
1,699000.0,4.0,2.5
1,795000.0,3.0,2.0
1,445000.0,5.0,1.75
1,397990.0,3.0,1.0
1,706000.0,3.0,2.75
1,363000.0,3.0,3.25
1,850000.0,4.0,2.25
1,620000.0,2.0,1.0
1,1228000.0,4.0,2.5
1,333000.0,4.0,2.5
1,743000.0,3.0,1.75
1,448000.0,2.0,1.5
1,485000.0,4.0,2.5
1,489950.0,4.0,2.25
1,498500.0,5.0,2.75
1,531000.0,3.0,2.5
1,670000.0,3.0,2.5
1,310000.0,5.0,3.0
1,835000.0,3.0,3.0
1,1688000.0,4.0,2.5
1,495000.0,4.0,2.5
1,495000.0,3.0,2.0
1,440000.0,3.0,1.0
1,1070000.0,4.0,2.5
1,1034500.0,4.0,2.5
1,248000.0,4.0,2.5
1,294000.0,4.0,2.5
1,561000.0,3.0,2.25
1,656500.0,4.0,2.0
1,660000.0,3.0,3.0
1,370000.0,2.0,1.0
1,349950.0,3.0,1.0
1,223000.0,2.0,1.0
1,560000.0,4.0,1.75
1,594000.0,4.0,1.75
1,600000.0,3.0,2.25
1,315000.0,3.0,2.5
1,430000.0,4.0,1.75
1,440000.0,3.0,2.75
1,312500.0,2.0,1.5
1,1240000.0,5.0,4.0
1,300000.0,3.0,3.25
1,680000.0,3.0,2.5
1,336750.0,2.0,2.25
1,822500.0,5.0,3.5
1,589000.0,4.0,3.0
1,863000.0,4.0,2.5
1,210000.0,2.0,1.75
1,206135.0,3.0,1.0
1,1125000.0,6.0,3.75
1,285000.0,3.0,1.75
1,230000.0,2.0,1.0
1,845000.0,4.0,2.75
1,350000.0,3.0,1.75
1,304000.0,3.0,1.0
1,370000.0,2.0,1.0
1,810000.0,3.0,1.75
1,440000.0,4.0,2.25
1,1030000.0,4.0,2.5
1,775000.0,4.0,2.0
1,1335000.0,5.0,2.25
1,235000.0,3.0,1.75
1,499950.0,3.0,1.0
1,622500.0,5.0,2.75
1,300000.0,4.0,2.5
1,205000.0,3.0,1.0
1,435000.0,3.0,1.75
1,697000.0,4.0,2.75
1,153000.0,3.0,1.0
1,454000.0,4.0,2.25
1,345000.0,2.0,1.5
1,585000.0,3.0,1.0
1,380000.0,4.0,2.5
1,250600.0,4.0,2.5
1,890000.0,4.0,2.25
1,370000.0,4.0,2.5
1,369500.0,3.0,1.5
1,883000.0,4.0,2.5
1,950000.0,4.0,2.5
1,615000.0,3.0,1.75
1,305000.0,3.0,1.5
1,590000.0,4.0,2.5
1,485000.0,3.0,2.5
1,215000.0,2.0,1.0
1,430000.0,3.0,2.0
1,324900.0,4.0,2.5
1,849900.0,2.0,2.0
1,975000.0,5.0,2.75
1,910000.0,5.0,2.5
1,459950.0,3.0,1.75
1,325000.0,3.0,2.5
1,513000.0,4.0,2.75
1,475000.0,3.0,2.25
1,419000.0,4.0,2.5
1,760000.0,4.0,2.5
1,1120000.0,5.0,1.5
1,129000.0,2.0,1.0
1,725000.0,5.0,2.5
1,580000.0,3.0,2.5
1,385000.0,3.0,2.25
1,265000.0,4.0,1.75
1,1735000.0,3.0,2.5
1,330000.0,3.0,2.5
1,665000.0,4.0,2.5
1,799000.0,3.0,2.5
1,589000.0,3.0,2.0
1,1695000.0,2.0,2.25
1,538000.0,3.0,1.0
1,530100.0,3.0,1.0
1,718500.0,3.0,2.0
1,299000.0,3.0,1.75
1,556000.0,3.0,1.75
1,171000.0,4.0,2.0
1,540000.0,5.0,3.0
1,250000.0,3.0,2.25
1,795000.0,4.0,3.5
1,575000.0,3.0,3.0
1,379500.0,3.0,2.25
1,385000.0,4.0,2.5
1,415500.0,4.0,2.5
1,397500.0,3.0,2.0
1,530000.0,3.0,2.5
1,883000.0,4.0,2.5
1,850000.0,5.0,2.75
1,496752.0,2.0,1.0
1,330000.0,3.0,1.75
1,735000.0,4.0,2.75
1,525000.0,4.0,2.75
1,269950.0,3.0,2.5
1,650000.0,3.0,1.75
1,520500.0,3.0,2.0
1,652500.0,4.0,2.5
1,506000.0,5.0,3.0
1,416000.0,3.0,1.0
1,500000.0,4.0,2.75
1,460000.0,3.0,1.75
1,371025.0,3.0,2.0
1,576000.0,4.0,2.5
1,353500.0,4.0,2.25
1,1735000.0,4.0,2.25
1,183000.0,3.0,1.75
1,763101.0,3.0,1.75
1,460000.0,2.0,1.5
1,825000.0,4.0,1.5
1,265000.0,3.0,1.0
1,295000.0,3.0,1.75
1,418000.0,4.0,3.0
1,554000.0,3.0,3.5
1,534500.0,3.0,2.5
1,690000.0,2.0,1.75
1,530000.0,4.0,2.5
1,357186.0,2.0,1.75
1,300000.0,5.0,3.0
1,304000.0,4.0,2.0
1,385000.0,4.0,1.75
1,415000.0,4.0,2.0
1,963000.0,4.0,3.5
1,792500.0,4.0,2.5
1,309212.0,3.0,1.75
1,235000.0,2.0,1.5
1,667000.0,3.0,1.5
1,470000.0,3.0,1.5
1,375000.0,4.0,2.0
1,410000.0,4.0,2.0
1,566000.0,4.0,2.25
1,680000.0,4.0,2.75
1,332000.0,1.0,1.0
1,902000.0,4.0,2.5
1,500000.0,3.0,1.75
1,445000.0,3.0,1.75
1,825000.0,4.0,2.5
1,1095000.0,4.0,4.0
1,277000.0,3.0,1.0
1,545000.0,3.0,2.5
1,435000.0,3.0,2.5
1,638000.0,3.0,2.5
1,418000.0,4.0,1.5
1,499000.0,3.0,1.75
1,150000.0,3.0,1.5
1,759950.0,3.0,2.5
1,427000.0,3.0,2.5
1,632500.0,5.0,2.5
1,660000.0,6.0,1.75
1,862000.0,4.0,2.5
1,524000.0,2.0,1.0
1,470000.0,3.0,1.5
1,385000.0,3.0,2.0
1,575000.0,4.0,2.5
1,220000.0,4.0,2.5
1,460000.0,2.0,1.0
1,1712500.0,3.0,3.25
1,175000.0,3.0,1.5
1,465000.0,3.0,2.25
1,552000.0,3.0,1.0
1,565000.0,4.0,2.75
1,518000.0,4.0,2.5
1,899950.0,4.0,3.5
1,373000.0,3.0,1.0
1,385000.0,4.0,2.5
1,245000.0,2.0,1.0
1,375000.0,4.0,2.0
1,699850.0,4.0,3.5
1,450000.0,6.0,2.25
1,455000.0,2.0,1.5
1,650000.0,4.0,2.75
1,378000.0,5.0,2.5
1,220000.0,3.0,2.0
1,285500.0,4.0,1.75
1,340000.0,3.0,2.5
1,921000.0,4.0,1.5
1,375000.0,4.0,2.5
1,999000.0,4.0,2.75
1,335000.0,3.0,1.5
1,1920000.0,4.0,2.5
1,385000.0,2.0,1.0
1,850000.0,4.0,3.5
1,429000.0,5.0,2.5
1,523950.0,3.0,2.25
1,798800.0,3.0,2.75
1,284000.0,3.0,2.5
1,852880.0,4.0,3.25
1,320000.0,3.0,2.25
1,749995.0,4.0,3.25
1,468500.0,3.0,2.5
1,492500.0,5.0,2.5
1,685000.0,4.0,3.5
1,542525.0,4.0,2.5
1,435000.0,3.0,2.0
1,242000.0,3.0,1.75
1,325000.0,4.0,2.5
1,837700.0,5.0,2.75
1,210000.0,1.0,1.0
1,187500.0,3.0,1.5
1,560000.0,5.0,1.0
1,272000.0,3.0,2.0
1,235000.0,3.0,1.75
1,259000.0,3.0,2.0
1,866059.0,5.0,3.5
1,473000.0,2.0,1.0
1,405000.0,3.0,1.5
1,870000.0,4.0,4.25
1,475000.0,3.0,2.25
1,499500.0,3.0,2.5
1,386000.0,2.0,2.5
1,458000.0,4.0,1.5
1,550000.0,3.0,1.75
1,605500.0,3.0,2.5
1,421000.0,3.0,2.5
1,536000.0,4.0,2.25
1,247200.0,3.0,1.75
1,250000.0,2.0,1.5
1,204950.0,4.0,1.75
1,430000.0,3.0,2.0
1,250000.0,4.0,2.5
1,260000.0,3.0,1.75
1,547000.0,4.0,1.0
1,379900.0,5.0,3.5
1,738500.0,3.0,2.5
1,545000.0,4.0,2.25
1,342000.0,2.0,1.0
1,4668000.0,5.0,6.75
1,170000.0,4.0,1.0
1,616000.0,4.0,2.5
1,640000.0,3.0,2.0
1,332000.0,3.0,2.5
1,1010000.0,3.0,3.25
1,380000.0,4.0,2.5
1,415000.0,4.0,2.0
1,1008000.0,4.0,3.5
1,669000.0,4.0,2.75
1,260000.0,3.0,1.5
1,854000.0,4.0,2.75
1,605000.0,3.0,2.25
1,320000.0,3.0,1.0
1,229950.0,3.0,2.0
1,255000.0,3.0,1.75
1,1170000.0,4.0,2.5
1,479000.0,2.0,2.25
1,1200000.0,4.0,3.5
1,472000.0,3.0,2.5
1,198000.0,3.0,1.5
1,440000.0,4.0,2.0
1,506000.0,3.0,1.75
1,382500.0,4.0,2.5
1,269500.0,2.0,1.5
1,560000.0,3.0,2.0
1,840000.0,4.0,3.5
1,479500.0,3.0,2.75
1,402000.0,3.0,1.5
1,549000.0,2.0,2.5
1,449950.0,4.0,2.5
1,493000.0,4.0,1.75
1,250000.0,3.0,1.75
1,729000.0,3.0,1.0
1,465000.0,2.0,2.75
1,465000.0,2.0,2.0
1,280000.0,4.0,2.25
1,675000.0,6.0,1.75
1,667500.0,3.0,2.0
1,809000.0,3.0,2.5
1,400000.0,3.0,2.25
1,310000.0,4.0,2.0
1,435000.0,2.0,1.0
1,465950.0,4.0,2.5
1,1538000.0,3.0,2.25
1,253000.0,3.0,1.5
1,330000.0,3.0,2.5
1,554000.0,4.0,1.0
1,350000.0,3.0,2.0
1,294999.0,4.0,2.5
1,1185001.0,3.0,2.75
1,752000.0,4.0,2.5
1,451000.0,4.0,2.5
1,725000.0,4.0,2.75
1,345000.0,4.0,2.75
1,206000.0,3.0,1.0
1,2027000.0,4.0,3.75
1,2475000.0,3.0,3.25
1,1728000.0,4.0,3.0
1,580000.0,5.0,2.0
1,430000.0,3.0,1.0
1,720000.0,4.0,2.5
1,824000.0,7.0,4.25
1,936000.0,3.0,1.75
1,535000.0,4.0,2.75
1,286800.0,3.0,2.5
1,350000.0,2.0,2.5
1,345000.0,3.0,2.5
1,435000.0,3.0,2.25
1,1555000.0,3.0,3.5
1,1325000.0,4.0,4.0
1,461000.0,3.0,3.25
1,770000.0,3.0,2.25
1,1384000.0,4.0,3.25
1,330000.0,3.0,2.5
1,322500.0,4.0,2.5
1,1600000.0,6.0,5.0
1,475000.0,3.0,1.75
1,250275.0,2.0,1.0
1,274500.0,3.0,2.25
1,284950.0,3.0,1.0
1,264950.0,4.0,1.75
1,242000.0,3.0,2.0
1,913000.0,4.0,2.5
1,555000.0,3.0,1.75
1,711000.0,4.0,1.75
1,403500.0,5.0,2.5
1,975000.0,4.0,2.5
1,253779.0,4.0,2.0
1,384400.0,3.0,3.25
1,646000.0,5.0,2.75
1,415000.0,3.0,1.75
1,764000.0,4.0,2.5
1,507000.0,5.0,3.25
1,545500.0,3.0,2.5
1,450000.0,3.0,1.75
1,264000.0,4.0,1.75
1,650000.0,5.0,1.75
1,365000.0,3.0,2.5
1,343566.0,2.0,1.0
1,375000.0,3.0,2.5
1,295000.0,3.0,2.0
1,325000.0,3.0,2.75
1,265000.0,4.0,1.5
1,562000.0,5.0,3.0
1,540000.0,4.0,2.5
1,4489000.0,4.0,3.0
1,279950.0,5.0,1.75
1,540000.0,3.0,1.75
1,310000.0,4.0,2.5
1,190000.0,1.0,1.0
1,440000.0,4.0,2.5
1,1400000.0,3.0,2.0
1,230000.0,2.0,1.0
1,455000.0,3.0,1.75
1,175000.0,2.0,1.0
1,650000.0,3.0,1.75
1,3000000.0,4.0,4.25
1,192500.0,3.0,1.0
1,239950.0,3.0,1.75
1,175000.0,6.0,1.0
1,850000.0,5.0,3.5
1,410000.0,4.0,2.0
1,570000.0,4.0,2.5
1,469000.0,5.0,2.5
1,559000.0,2.0,1.0
1,739888.0,3.0,2.5
1,568450.0,5.0,3.5
1,240000.0,2.0,1.0
1,574950.0,5.0,3.25
1,180000.0,3.0,2.25
1,1160000.0,4.0,3.5
1,300000.0,3.0,2.5
1,630000.0,4.0,2.5
1,507000.0,4.0,1.75
1,287500.0,4.0,2.5
1,688000.0,3.0,3.0
1,424000.0,3.0,2.0
1,400000.0,3.0,1.75
1,620000.0,4.0,2.5
1,300000.0,3.0,1.0
1,615000.0,5.0,2.25
1,206000.0,2.0,1.5
1,515500.0,4.0,2.5
1,554000.0,5.0,2.25
1,825000.0,4.0,3.5
1,855000.0,4.0,2.25
1,315000.0,3.0,2.5
1,299000.0,5.0,2.5
1,650000.0,3.0,1.5
1,465000.0,3.0,1.75
1,535000.0,3.0,2.0
1,564000.0,2.0,2.0
1,515000.0,3.0,3.5
1,580000.0,4.0,2.5
1,309000.0,3.0,2.25
1,536751.0,3.0,1.75
1,415000.0,4.0,2.5
1,267000.0,3.0,2.25
1,820000.0,4.0,2.5
1,1399950.0,4.0,2.75
1,485000.0,2.0,2.5
1,482000.0,3.0,3.25
1,535000.0,4.0,2.5
1,690000.0,3.0,3.25
1,576000.0,3.0,2.5
1,378750.0,3.0,2.5
1,269900.0,4.0,1.75
1,210000.0,3.0,2.0
1,429900.0,4.0,2.5
1,1525000.0,4.0,3.25
1,360000.0,4.0,2.5
1,405000.0,2.0,1.0
1,450000.0,3.0,1.75
1,703000.0,3.0,2.0
1,661000.0,4.0,2.5
1,580000.0,4.0,2.25
1,464000.0,3.0,1.0
1,945000.0,2.0,2.5
1,659500.0,4.0,3.0
1,200000.0,3.0,1.5
1,280000.0,3.0,2.0
1,1325000.0,4.0,2.5
1,346150.0,3.0,2.0
1,197500.0,3.0,1.0
1,799000.0,4.0,2.5
1,1309500.0,4.0,4.5
1,350000.0,2.0,1.0
1,720000.0,4.0,2.5
1,519000.0,3.0,2.75
1,590300.0,3.0,1.5
1,2200000.0,5.0,4.75
1,410000.0,6.0,2.75
1,437000.0,2.0,1.75
1,221000.0,3.0,2.25
1,380000.0,4.0,2.25
1,506000.0,2.0,1.0
1,395000.0,4.0,1.0
1,285000.0,3.0,1.0
1,311000.0,3.0,1.75
1,520000.0,3.0,1.75
1,435000.0,3.0,1.75
1,120000.0,2.0,1.0
1,1440000.0,3.0,3.5
1,186000.0,3.0,2.0
1,756000.0,4.0,2.25
1,248000.0,4.0,2.0
1,287000.0,3.0,2.0
1,510000.0,4.0,2.5
1,249000.0,3.0,1.0
1,340000.0,3.0,2.5
1,399888.0,4.0,2.25
1,440000.0,3.0,1.75
1,899000.0,4.0,2.25
1,540500.0,5.0,3.75
1,385000.0,3.0,1.75
1,558000.0,4.0,2.25
1,600000.0,3.0,2.0
1,450000.0,4.0,2.5
1,232500.0,3.0,1.0
1,436000.0,2.0,1.0
1,240000.0,4.0,2.0
1,489950.0,3.0,2.25
1,680000.0,6.0,2.0
1,1068000.0,5.0,3.5
1,352450.0,3.0,2.0
1,335000.0,4.0,2.0
1,549000.0,4.0,1.75
1,1240000.0,4.0,3.5
1,618250.0,4.0,3.25
1,1815000.0,5.0,3.0
1,850000.0,2.0,1.75
1,930000.0,5.0,2.0
1,505000.0,3.0,2.5
1,925000.0,4.0,2.5
1,275000.0,3.0,1.75
1,499000.0,3.0,1.75
1,507000.0,3.0,2.5
1,619850.0,4.0,2.5
1,500000.0,3.0,2.5
1,310000.0,4.0,1.5
1,646000.0,4.0,2.5
1,265000.0,3.0,1.75
1,475000.0,3.0,2.5
1,600000.0,4.0,2.25
1,470000.0,3.0,2.0
1,319950.0,2.0,1.0
1,712000.0,3.0,2.75
1,775000.0,4.0,2.75
1,390000.0,3.0,2.25
1,585000.0,4.0,2.5
1,1027000.0,3.0,2.5
1,232603.0,3.0,1.75
1,543000.0,3.0,2.25
1,607500.0,3.0,3.25
1,750000.0,3.0,3.5
1,728050.0,3.0,2.5
1,734990.0,4.0,2.5
1,330000.0,3.0,2.5
1,605000.0,4.0,2.5
1,441000.0,3.0,2.75
1,650000.0,4.0,2.5
1,1950000.0,7.0,3.5
1,395000.0,3.0,1.0
1,905000.0,4.0,3.5
1,660000.0,4.0,3.25
1,378000.0,4.0,2.5
1,600000.0,2.0,1.0
1,632500.0,4.0,2.5
1,210000.0,2.0,2.0
1,754800.0,2.0,2.5
1,175000.0,2.0,1.0
1,455000.0,3.0,2.25
1,450000.0,3.0,2.0
1,790000.0,4.0,1.75
1,480000.0,4.0,1.0
1,850000.0,3.0,2.25
1,725000.0,4.0,3.25
1,380000.0,3.0,1.5
1,979000.0,3.0,1.5
1,359950.0,3.0,2.25
1,665900.0,4.0,2.25
1,812000.0,3.0,3.25
1,203000.0,3.0,1.0
1,456000.0,3.0,1.5
1,547000.0,5.0,2.5
1,280000.0,3.0,2.0
1,640000.0,2.0,1.75
1,477000.0,3.0,1.75
1,455000.0,4.0,2.25
1,587206.0,3.0,3.5
1,425000.0,3.0,2.5
1,511500.0,4.0,1.0
1,218000.0,2.0,2.0
1,332000.0,3.0,2.0
1,291000.0,3.0,1.5
1,279000.0,4.0,2.0
1,950000.0,4.0,2.5
1,970500.0,3.0,2.75
1,412000.0,2.0,1.0
1,400000.0,3.0,1.0
1,200000.0,3.0,2.25
1,397000.0,4.0,2.5
1,715000.0,4.0,2.5
1,371000.0,4.0,2.5
1,458000.0,3.0,2.5
1,436500.0,5.0,3.0
1,329950.0,3.0,2.5
1,950000.0,3.0,3.25
1,282000.0,4.0,2.0
1,250000.0,1.0,1.0
1,1135000.0,6.0,4.25
1,400000.0,4.0,1.75
1,681500.0,5.0,2.75
1,200000.0,2.0,1.0
1,1300000.0,5.0,4.0
1,1462497.0,5.0,3.25
1,995000.0,4.0,4.5
1,355000.0,4.0,2.5
1,425000.0,3.0,2.25
1,869000.0,4.0,3.0
1,915000.0,3.0,3.25
1,2110000.0,3.0,2.25
1,925000.0,4.0,2.0
1,2400000.0,6.0,4.5
1,390000.0,3.0,1.0
1,330000.0,3.0,2.25
1,482500.0,4.0,3.0
1,525000.0,3.0,2.25
1,237000.0,3.0,1.0
1,205000.0,3.0,1.0
1,623000.0,3.0,2.5
1,565000.0,4.0,2.75
1,400000.0,4.0,2.25
1,405000.0,3.0,1.0
1,337000.0,4.0,3.0
1,355000.0,2.0,1.0
1,885000.0,3.0,2.25
1,420000.0,5.0,2.75
1,448000.0,4.0,2.5
1,800000.0,4.0,2.75
1,830000.0,5.0,2.25
1,725000.0,6.0,1.75
1,780000.0,3.0,2.25
1,325000.0,2.0,1.0
1,488800.0,4.0,2.25
1,1320000.0,4.0,3.5
1,489000.0,4.0,2.0
1,1240000.0,7.0,5.5
1,595000.0,3.0,2.75
1,359900.0,5.0,2.25
1,1080000.0,3.0,3.0
1,925000.0,4.0,2.75
1,625000.0,3.0,2.5
1,339990.0,3.0,2.5
1,775950.0,4.0,2.5
1,420000.0,5.0,3.0
1,654000.0,3.0,3.25
1,725000.0,3.0,3.5
1,375000.0,2.0,1.0
1,1100000.0,3.0,2.5
1,639500.0,4.0,2.25
1,849000.0,4.0,2.0
1,418000.0,4.0,1.5
1,442900.0,4.0,1.75
1,750000.0,3.0,1.75
1,930000.0,3.0,2.5
1,565000.0,2.0,1.75
1,874150.0,4.0,3.5
1,545000.0,4.0,2.5
1,500000.0,4.0,2.5
1,687000.0,4.0,2.5
1,810000.0,4.0,2.5
1,439500.0,3.0,2.5
1,802000.0,3.0,1.75
1,732600.0,4.0,2.5
1,374000.0,4.0,2.5
1,330000.0,4.0,2.5
1,365000.0,4.0,2.0
1,290900.0,2.0,2.0
1,577000.0,3.0,2.5
1,280000.0,2.0,1.0
1,675000.0,4.0,2.5
1,800000.0,3.0,2.25
1,299995.0,2.0,1.0
1,440000.0,3.0,1.75
1,249500.0,2.0,1.75
1,690000.0,2.0,1.0
1,235000.0,3.0,1.0
1,320000.0,3.0,2.5
1,350000.0,7.0,3.0
1,334000.0,4.0,1.5
1,235000.0,6.0,3.0
1,442000.0,4.0,2.5
1,264000.0,3.0,1.75
1,275000.0,2.0,1.0
1,430000.0,2.0,1.5
1,550000.0,3.0,2.5
1,775000.0,4.0,2.5
1,603500.0,6.0,2.75
1,230000.0,3.0,1.0
1,449000.0,4.0,2.5
1,2075000.0,4.0,3.5
1,420000.0,3.0,2.0
1,735000.0,4.0,2.25
1,200000.0,3.0,1.5
1,286000.0,3.0,2.75
1,579000.0,3.0,2.5
1,345100.0,3.0,3.75
1,350000.0,3.0,1.75
1,291500.0,3.0,1.0
1,649950.0,3.0,2.5
1,458500.0,3.0,2.0
1,500000.0,3.0,1.0
1,362300.0,3.0,2.5
1,324000.0,4.0,1.75
1,495000.0,3.0,2.0
1,233500.0,3.0,2.25
1,479000.0,3.0,2.25
1,322200.0,4.0,2.25
1,835000.0,4.0,2.5
1,347000.0,3.0,1.0
1,725000.0,3.0,1.75
1,345000.0,3.0,1.0
1,345950.0,3.0,2.5
1,550000.0,3.0,1.75
1,399950.0,3.0,1.75
1,269500.0,3.0,1.75
1,494000.0,4.0,2.5
1,453000.0,4.0,1.75
1,442500.0,3.0,1.75
1,235000.0,4.0,1.75
1,389800.0,3.0,1.75
1,346000.0,3.0,1.75
1,360000.0,4.0,1.5
1,650000.0,4.0,2.5
1,290000.0,3.0,1.0
1,234000.0,2.0,1.0
1,260000.0,4.0,2.5
1,349900.0,3.0,2.0
1,275000.0,3.0,1.0
1,725000.0,4.0,2.5
1,375000.0,4.0,2.5
1,806000.0,4.0,2.5
1,470000.0,3.0,2.5
1,490000.0,3.0,2.25
1,615000.0,5.0,2.0
1,249000.0,3.0,1.0
1,396500.0,3.0,1.75
1,405000.0,2.0,1.0
1,560000.0,3.0,2.5
1,459950.0,4.0,2.5
1,265000.0,3.0,1.0
1,502000.0,6.0,2.5
1,430000.0,3.0,1.75
1,525000.0,2.0,1.0
1,415000.0,4.0,2.5
1,600000.0,3.0,2.5
1,225000.0,3.0,1.75
1,300000.0,4.0,2.5
1,491234.0,4.0,2.5
1,1580000.0,4.0,2.5
1,905000.0,4.0,3.25
1,199950.0,5.0,2.5
1,450000.0,4.0,1.75
1,899000.0,3.0,1.0
1,649000.0,2.0,1.75
1,780000.0,4.0,3.5
1,400000.0,4.0,1.75
1,831500.0,5.0,2.5
1,471001.0,3.0,1.75
1,385000.0,3.0,3.25
1,326000.0,3.0,1.0
1,335000.0,1.0,1.0
1,320000.0,4.0,1.5
1,300000.0,4.0,2.5
1,269950.0,4.0,2.5
1,1220000.0,4.0,3.75
1,590000.0,4.0,2.5
1,750000.0,3.0,2.0
1,239950.0,3.0,1.75
1,215000.0,3.0,2.0
1,165000.0,3.0,1.0
1,261350.0,3.0,1.75
1,569000.0,4.0,2.0
1,425000.0,3.0,2.25
1,800000.0,4.0,3.0
1,715000.0,4.0,2.5
1,337000.0,3.0,1.75
1,560000.0,4.0,2.5
1,449500.0,3.0,2.25
1,660000.0,3.0,3.25
1,685000.0,2.0,1.5
1,905000.0,5.0,3.5
1,403500.0,3.0,1.0
1,405000.0,3.0,2.25
1,385000.0,4.0,2.75
1,1700000.0,3.0,2.75
1,285000.0,3.0,2.5
1,249900.0,3.0,2.0
1,633634.0,4.0,3.5
1,329900.0,3.0,2.5
1,310000.0,3.0,2.5
1,345000.0,3.0,1.5
1,160797.0,3.0,1.5
1,562500.0,3.0,2.25
1,664950.0,5.0,3.0
1,515000.0,5.0,3.25
1,497000.0,3.0,2.25
1,312891.0,5.0,3.0
1,670000.0,3.0,2.5
1,362500.0,2.0,1.5
1,438000.0,3.0,1.75
1,687500.0,4.0,1.75
1,160000.0,3.0,1.5
1,415000.0,3.0,1.75
1,405000.0,3.0,2.5
1,880000.0,4.0,2.5
1,585000.0,3.0,2.5
1,640000.0,4.0,2.5
1,819000.0,3.0,3.5
1,520000.0,3.0,1.75
1,367500.0,3.0,1.0
1,762500.0,4.0,2.75
1,300000.0,3.0,1.0
1,625000.0,3.0,2.5
1,530000.0,2.0,1.5
1,379000.0,3.0,2.5
1,615000.0,2.0,1.0
1,660000.0,2.0,2.25
1,380000.0,3.0,2.25
1,314900.0,4.0,1.75
1,324950.0,3.0,1.5
1,225000.0,3.0,1.75
1,535000.0,3.0,2.5
1,348500.0,3.0,1.5
1,725000.0,4.0,2.5
1,925000.0,4.0,3.0
1,549000.0,2.0,1.0
1,400000.0,3.0,2.0
1,620000.0,4.0,2.5
1,665000.0,6.0,2.75
1,1215000.0,4.0,3.75
1,1157400.0,3.0,2.5
1,349950.0,4.0,2.5
1,2466350.0,5.0,4.75
1,339000.0,4.0,2.0
1,615000.0,3.0,1.75
1,751000.0,4.0,3.25
1,941000.0,4.0,1.75
1,600000.0,4.0,1.75
1,455000.0,4.0,2.5
1,485000.0,3.0,2.5
1,358000.0,3.0,1.5
1,339000.0,3.0,1.0
1,258000.0,3.0,1.0
1,455000.0,2.0,1.5
1,437000.0,4.0,2.5
1,689000.0,3.0,1.75
1,319000.0,4.0,2.5
1,510000.0,3.0,2.25
1,440000.0,3.0,1.75
1,1010000.0,2.0,2.0
1,875000.0,4.0,2.5
1,304000.0,4.0,2.0
1,139000.0,2.0,1.0
1,464500.0,3.0,1.75
1,336500.0,3.0,1.0
1,230000.0,4.0,1.75
1,425000.0,3.0,2.5
1,300000.0,2.0,1.0
1,457500.0,3.0,2.25
1,366000.0,3.0,1.75
1,502000.0,3.0,2.0
1,194000.0,3.0,1.0
1,305000.0,4.0,2.25
1,1250000.0,4.0,2.5
1,575000.0,4.0,2.5
1,343500.0,4.0,1.75
1,325000.0,3.0,1.0
1,600000.0,4.0,3.25
1,850000.0,4.0,3.5
1,420000.0,3.0,2.5
1,257500.0,2.0,2.0
1,317000.0,5.0,2.5
1,970000.0,3.0,2.25
1,252000.0,3.0,2.25
1,683500.0,3.0,1.5
1,289000.0,3.0,2.5
1,355000.0,2.0,2.25
1,675000.0,3.0,3.5
1,396500.0,3.0,2.5
1,362500.0,4.0,1.75
1,395000.0,4.0,1.75
1,599000.0,5.0,2.75
1,218000.0,3.0,1.0
1,589950.0,4.0,2.5
1,218000.0,3.0,1.5
1,360000.0,3.0,1.75
1,350000.0,2.0,1.0
1,350000.0,4.0,3.0
1,845000.0,3.0,2.0
1,839000.0,3.0,2.5
1,850000.0,4.0,3.0
1,329950.0,2.0,1.0
1,425000.0,4.0,1.5
1,210000.0,2.0,1.0
1,631500.0,2.0,1.0
1,295000.0,2.0,1.0
1,575000.0,3.0,2.25
1,415000.0,3.0,2.5
1,859000.0,4.0,2.25
1,639888.0,4.0,2.5
1,329445.0,2.0,1.5
1,745641.0,4.0,2.5
1,395000.0,3.0,2.5
1,790000.0,4.0,3.5
1,890000.0,4.0,1.0
1,400000.0,3.0,2.5
1,365500.0,3.0,2.0
1,245000.0,3.0,2.0
1,390000.0,4.0,2.5
1,196500.0,3.0,1.0
1,1200000.0,4.0,1.75
1,276900.0,3.0,1.0
1,995000.0,3.0,4.5
1,2300000.0,4.0,3.25
1,505000.0,3.0,2.5
1,1229000.0,4.0,3.5
1,352000.0,4.0,1.0
1,597326.0,4.0,4.0
1,800000.0,2.0,1.0
1,270000.0,3.0,2.5
1,235000.0,4.0,2.0
1,409900.0,2.0,2.5
1,739900.0,5.0,2.5
1,608000.0,4.0,2.5
1,381500.0,2.0,1.0
1,740000.0,4.0,2.5
1,308000.0,3.0,1.0
1,905000.0,5.0,3.5
1,762000.0,4.0,3.5
1,356000.0,4.0,2.0
1,750000.0,3.0,1.5
1,418800.0,4.0,2.25
1,276000.0,4.0,2.25
1,725000.0,3.0,2.5
1,285000.0,3.0,2.0
1,205000.0,3.0,1.0
1,583000.0,3.0,2.5
1,657000.0,4.0,2.5
1,386000.0,4.0,2.25
1,589950.0,5.0,3.0
1,575000.0,3.0,2.25
1,574000.0,3.0,2.5
1,690500.0,5.0,2.0
1,565000.0,2.0,1.75
1,500000.0,3.0,1.5
1,330000.0,6.0,2.25
1,286000.0,2.0,1.0
1,450000.0,3.0,1.5
1,870000.0,4.0,2.75
1,725000.0,4.0,2.5
1,275000.0,2.0,1.0
1,645000.0,3.0,2.75
1,152000.0,3.0,1.0
1,315000.0,4.0,2.0
1,700000.0,4.0,2.5
1,233000.0,3.0,1.0
1,249000.0,4.0,2.25
1,310000.0,2.0,1.0
1,265950.0,3.0,1.5
1,860000.0,5.0,3.25
1,200000.0,3.0,1.0
1,402000.0,4.0,2.25
1,305000.0,6.0,2.0
1,505000.0,3.0,1.75
1,1355000.0,3.0,1.5
1,482000.0,3.0,2.5
1,299950.0,3.0,1.75
1,770000.0,4.0,2.5
1,245700.0,3.0,2.25
1,283000.0,3.0,1.0
1,650000.0,4.0,2.75
1,530000.0,5.0,2.25
1,440000.0,3.0,1.75
1,1005000.0,4.0,4.5
1,599990.0,3.0,2.25
1,544000.0,4.0,2.5
1,1700000.0,5.0,3.5
1,270000.0,2.0,1.0
1,435000.0,2.0,1.0
1,349000.0,3.0,1.0
1,1140000.0,4.0,2.25
1,320000.0,4.0,2.5
1,804100.0,4.0,2.5
1,594000.0,3.0,2.25
1,531500.0,4.0,2.75
1,1150000.0,3.0,2.0
1,374500.0,3.0,2.25
1,450000.0,4.0,2.75
1,744500.0,5.0,2.5
1,913888.0,5.0,2.25
1,760000.0,4.0,2.5
1,346500.0,2.0,1.75
1,280000.0,3.0,1.75
1,557500.0,3.0,1.75
1,260000.0,3.0,1.5
1,1330000.0,3.0,1.5
1,640000.0,3.0,1.75
1,280000.0,7.0,2.5
1,205000.0,3.0,1.0
1,957000.0,5.0,3.25
1,625000.0,5.0,2.5
1,680000.0,4.0,1.5
1,150000.0,2.0,1.0
1,255950.0,3.0,2.5
1,246500.0,3.0,2.5
1,450000.0,2.0,1.0
1,595888.0,3.0,1.75
1,454000.0,3.0,1.0
1,299900.0,3.0,1.0
1,200000.0,3.0,2.0
1,346500.0,3.0,1.0
1,585000.0,4.0,2.75
1,383000.0,3.0,1.75
1,519000.0,4.0,2.5
1,410000.0,3.0,1.5
1,578000.0,4.0,2.5
1,1280000.0,4.0,3.5
1,395000.0,2.0,2.25
1,364000.0,3.0,2.5
1,240000.0,3.0,2.25
1,328423.0,3.0,2.5
1,594000.0,4.0,2.75
1,425000.0,3.0,2.5
1,309620.0,3.0,2.5
1,260000.0,5.0,2.5
1,563500.0,3.0,2.5
1,975000.0,5.0,3.0
1,937000.0,3.0,1.75
1,518500.0,3.0,3.5
1,563500.0,4.0,1.75
1,1050000.0,4.0,3.5
1,350000.0,3.0,2.25
1,826000.0,4.0,2.5
1,225000.0,3.0,2.0
1,235867.0,4.0,2.0
1,399000.0,4.0,3.0
1,177500.0,3.0,1.5
1,224000.0,4.0,1.5
1,302000.0,4.0,1.75
1,760000.0,3.0,2.5
1,460000.0,3.0,2.5
1,415000.0,3.0,1.0
1,669000.0,2.0,1.75
1,254600.0,3.0,2.0
1,357250.0,3.0,1.5
1,910000.0,4.0,3.5
1,725000.0,6.0,3.0
1,670000.0,3.0,1.5
1,440000.0,4.0,1.5
1,1025000.0,4.0,3.5
1,320000.0,2.0,1.0
1,310000.0,4.0,2.5
1,772650.0,4.0,2.5
1,669950.0,4.0,2.5
1,690000.0,5.0,3.5
1,385000.0,4.0,2.5
1,663000.0,3.0,2.5
1,300000.0,3.0,2.25
1,225500.0,2.0,1.75
1,320000.0,3.0,2.0
1,775000.0,3.0,2.75
1,805000.0,3.0,2.75
1,252750.0,4.0,1.0
1,254000.0,5.0,2.0
1,620000.0,6.0,3.5
1,435000.0,4.0,2.75
1,460000.0,4.0,2.5
1,268000.0,3.0,2.5
1,446000.0,2.0,1.5
1,285000.0,2.0,1.0
1,530000.0,3.0,2.0
1,402000.0,2.0,1.0
1,358000.0,3.0,1.5
1,354950.0,4.0,2.75
1,405000.0,4.0,2.5
1,568000.0,4.0,1.75
1,575000.0,5.0,3.0
1,315000.0,4.0,2.5
1,280927.0,4.0,2.25
1,440000.0,4.0,2.5
1,270000.0,4.0,2.25
1,755000.0,4.0,2.75
1,289659.0,4.0,2.25
1,555000.0,5.0,3.0
1,450000.0,3.0,1.5
1,1145000.0,3.0,2.5
1,495000.0,3.0,1.75
1,1250000.0,3.0,3.0
1,580000.0,4.0,1.75
1,560000.0,4.0,2.5
1,1080000.0,4.0,3.5
1,450000.0,2.0,1.75
1,815000.0,3.0,2.0
1,354000.0,4.0,2.5
1,279900.0,3.0,1.75
1,339000.0,2.0,1.0
1,1340000.0,4.0,3.5
1,710000.0,3.0,3.25
1,815000.0,4.0,2.75
1,800000.0,3.0,1.75
1,638000.0,3.0,2.0
1,475580.0,3.0,1.75
1,243800.0,3.0,1.0
1,600000.0,3.0,2.5
1,620000.0,3.0,2.0
1,750000.0,4.0,2.75
1,626000.0,3.0,1.75
1,230000.0,3.0,1.0
1,537000.0,3.0,3.0
1,210000.0,2.0,1.0
1,200500.0,3.0,1.75
1,253500.0,3.0,1.0
1,150000.0,3.0,1.0
1,440000.0,3.0,1.5
1,667000.0,3.0,1.75
1,660000.0,3.0,1.0
1,695000.0,3.0,2.75
1,440000.0,4.0,2.5
1,1388000.0,4.0,3.0
1,219500.0,3.0,1.0
1,220000.0,3.0,1.5
1,270000.0,2.0,1.0
1,900000.0,4.0,3.5
1,1990000.0,5.0,3.0
1,800000.0,4.0,2.5
1,365000.0,5.0,2.0
1,1387800.0,3.0,3.0
1,451000.0,5.0,2.75
1,202000.0,2.0,1.0
1,1410000.0,4.0,2.25
1,471000.0,2.0,1.75
1,827000.0,4.0,2.5
1,235000.0,5.0,2.5
1,216500.0,2.0,1.75
1,359000.0,5.0,1.75
1,252500.0,3.0,2.0
1,370000.0,3.0,1.5
1,663000.0,3.0,2.0
1,971971.0,4.0,3.75
1,420000.0,3.0,1.75
1,330675.0,4.0,3.0
1,240000.0,4.0,1.0
1,334888.0,3.0,2.5
1,414000.0,3.0,2.5
1,782900.0,4.0,3.25
1,525000.0,4.0,2.75
1,429900.0,3.0,2.5
1,390000.0,3.0,3.25
1,224000.0,3.0,1.75
1,257500.0,3.0,2.25
1,665000.0,2.0,1.0
1,327000.0,5.0,2.75
1,425000.0,3.0,1.0
1,687500.0,4.0,2.75
1,672500.0,3.0,2.25
1,140000.0,3.0,1.0
1,215500.0,2.0,1.75
1,464900.0,4.0,2.25
1,417000.0,4.0,2.25
1,453000.0,4.0,2.75
1,700000.0,3.0,2.5
1,1619999.0,4.0,3.0
1,259500.0,3.0,1.75
1,460000.0,4.0,2.5
1,561500.0,3.0,1.75
1,641000.0,4.0,2.5
1,330000.0,4.0,1.75
1,447000.0,2.0,1.0
1,320000.0,4.0,2.5
1,212700.0,2.0,1.0
1,260000.0,2.0,1.0
1,410000.0,3.0,2.0
1,355000.0,4.0,2.5
1,275500.0,2.0,1.0
1,415000.0,3.0,1.75
1,279000.0,3.0,2.5
1,350000.0,5.0,1.75
1,355000.0,2.0,2.25
1,750000.0,4.0,2.25
1,235000.0,3.0,1.75
1,209950.0,3.0,1.0
1,230000.0,3.0,1.75
1,725000.0,3.0,2.5
1,430000.0,2.0,1.0
1,661500.0,5.0,2.5
1,738000.0,3.0,3.0
1,1820000.0,4.0,4.5
1,221000.0,3.0,1.0
1,665000.0,3.0,2.5
1,255000.0,3.0,2.5
1,1195000.0,5.0,2.75
1,355000.0,3.0,1.75
1,755000.0,5.0,2.5
1,300000.0,3.0,1.5
1,500000.0,4.0,1.0
1,191000.0,2.0,1.0
1,315000.0,6.0,4.0
1,415000.0,3.0,2.5
1,394000.0,4.0,2.5
1,490000.0,3.0,2.5
1,523460.0,5.0,1.75
1,550000.0,4.0,3.5
1,342000.0,3.0,1.75
1,560000.0,4.0,2.5
1,1050000.0,4.0,4.25
1,710000.0,2.0,1.5
1,1020000.0,3.0,2.25
1,399950.0,3.0,2.5
1,480000.0,2.0,1.0
1,410000.0,3.0,1.0
1,530000.0,4.0,1.75
1,469900.0,4.0,2.5
1,397000.0,5.0,1.0
1,718500.0,3.0,1.5
1,195000.0,2.0,1.0
1,285000.0,2.0,1.0
1,295000.0,1.0,1.0
1,602000.0,4.0,1.75
1,235000.0,3.0,1.75
1,465000.0,4.0,2.5
1,234000.0,4.0,1.0
1,504200.0,2.0,1.5
1,710000.0,3.0,2.5
1,589500.0,3.0,3.25
1,415000.0,3.0,2.75
1,735000.0,3.0,2.25
1,427000.0,3.0,2.5
1,982000.0,4.0,2.75
1,459000.0,4.0,3.0
1,483453.0,4.0,2.75
1,246950.0,3.0,3.0
1,235000.0,1.0,1.5
1,288790.0,4.0,2.0
1,229800.0,2.0,1.75
1,516500.0,1.0,1.25
1,1600000.0,3.0,4.25
1,234000.0,3.0,1.0
1,230000.0,2.0,1.75
1,300000.0,4.0,1.0
1,470000.0,3.0,1.5
1,339900.0,3.0,1.0
1,650000.0,2.0,1.0
1,585000.0,5.0,2.5
1,699900.0,4.0,2.5
1,598000.0,4.0,2.5
1,475000.0,3.0,2.5
1,314500.0,3.0,1.75
1,397000.0,3.0,3.5
1,345000.0,3.0,2.0
1,325000.0,5.0,2.75
1,265000.0,3.0,1.0
1,402000.0,4.0,2.75
1,835000.0,3.0,2.25
1,780000.0,4.0,2.5
1,250000.0,3.0,2.0
1,1200000.0,4.0,2.0
1,935000.0,2.0,2.5
1,300000.0,2.0,1.0
1,419000.0,2.0,1.75
1,410000.0,1.0,1.5
1,1165000.0,3.0,3.0
1,461000.0,3.0,1.75
1,385000.0,3.0,1.75
1,669500.0,4.0,2.25
1,491950.0,3.0,2.25
1,1230000.0,3.0,1.75
1,560000.0,3.0,2.25
1,370000.0,3.0,1.0
1,263400.0,4.0,2.0
1,100000.0,2.0,1.0
1,289950.0,3.0,2.5
1,263000.0,3.0,1.75
1,397500.0,4.0,2.5
1,245000.0,3.0,2.75
1,535000.0,3.0,1.0
1,449000.0,4.0,2.5
1,490000.0,4.0,3.0
1,445800.0,4.0,2.25
1,345000.0,2.0,1.0
1,327500.0,3.0,2.25
1,436500.0,4.0,2.5
1,550000.0,3.0,2.25
1,441000.0,2.0,1.5
1,406500.0,2.0,1.0
1,243000.0,2.0,1.5
1,359500.0,4.0,2.75
1,760000.0,4.0,2.5
1,1925000.0,5.0,4.25
1,408000.0,5.0,3.25
1,480000.0,4.0,3.0
1,875000.0,4.0,1.5
1,308000.0,3.0,1.0
1,880000.0,4.0,2.75
1,1730000.0,5.0,3.5
1,170000.0,2.0,1.0
1,491500.0,3.0,2.25
1,515000.0,3.0,2.5
1,550000.0,4.0,1.5
1,255000.0,2.0,1.0
1,635000.0,3.0,2.5
1,850000.0,3.0,2.5
1,265000.0,2.0,2.0
1,349810.0,3.0,1.0
1,972000.0,4.0,1.75
1,235000.0,2.0,1.0
1,330000.0,4.0,2.5
1,500000.0,4.0,3.0
1,570000.0,3.0,2.0
1,1309500.0,4.0,2.5
1,544000.0,3.0,2.5
1,439000.0,3.0,2.5
1,530000.0,4.0,2.25
1,427500.0,2.0,2.0
1,337000.0,4.0,2.5
1,1095000.0,4.0,2.75
1,435000.0,4.0,2.0
1,765000.0,5.0,3.0
1,492650.0,4.0,1.75
1,383962.0,4.0,2.5
1,950000.0,4.0,2.5
1,457000.0,3.0,2.5
1,1510000.0,5.0,3.25
1,882566.0,4.0,2.5
1,963000.0,4.0,3.25
1,345000.0,4.0,2.5
1,2065000.0,4.0,3.75
1,800000.0,3.0,3.5
1,314500.0,3.0,2.0
1,530000.0,3.0,2.5
1,650000.0,4.0,2.5
1,349500.0,3.0,2.0
1,1198000.0,4.0,3.5
1,165050.0,3.0,1.0
1,580000.0,3.0,2.5
1,330000.0,3.0,2.5
1,875000.0,5.0,3.5
1,500000.0,2.0,1.0
1,445000.0,4.0,2.5
1,274900.0,4.0,2.5
1,219950.0,3.0,1.5
1,691500.0,4.0,2.5
1,459500.0,2.0,1.0
1,955500.0,4.0,1.75
1,328950.0,4.0,1.75
1,307000.0,3.0,1.0
1,382500.0,3.0,1.75
1,1150000.0,4.0,2.5
1,1297000.0,6.0,2.75
1,478000.0,3.0,2.25
1,260000.0,2.0,1.0
1,850000.0,4.0,3.25
1,616000.0,4.0,1.75
1,540000.0,3.0,1.75
1,300000.0,3.0,2.25
1,507500.0,3.0,1.75
1,3800000.0,5.0,5.5
1,241000.0,3.0,2.0
1,485000.0,3.0,2.25
1,695000.0,3.0,2.5
1,548000.0,4.0,2.5
1,345000.0,2.0,1.0
1,280000.0,3.0,1.0
1,450000.0,3.0,1.75
1,515000.0,3.0,2.5
1,1014250.0,3.0,1.0
1,739900.0,5.0,2.5
1,600000.0,2.0,2.5
1,370000.0,2.0,1.0
1,729032.0,4.0,2.5
1,510000.0,3.0,1.75
1,425000.0,3.0,1.5
1,1080000.0,3.0,2.75
1,337000.0,3.0,2.25
1,563000.0,4.0,1.0
1,1695000.0,4.0,2.75
1,245000.0,3.0,2.0
1,590000.0,3.0,2.0
1,695000.0,3.0,2.0
1,402500.0,2.0,1.0
1,435000.0,3.0,2.5
1,660000.0,3.0,2.0
1,300000.0,3.0,2.75
1,600000.0,5.0,2.25
1,205000.0,3.0,1.75
1,357500.0,3.0,3.5
1,1110000.0,5.0,3.25
1,332888.0,2.0,2.5
1,174000.0,2.0,1.0
1,515000.0,2.0,1.0
1,392000.0,5.0,2.25
1,485000.0,4.0,1.75
1,217500.0,3.0,1.75
1,502000.0,3.0,2.25
1,820000.0,3.0,2.25
1,1640000.0,3.0,3.25
1,102500.0,2.0,1.0
1,925000.0,5.0,5.5
1,540000.0,4.0,2.5
1,600000.0,2.0,1.0
1,406000.0,4.0,1.0
1,620000.0,4.0,3.0
1,1060000.0,4.0,2.5
1,401000.0,3.0,2.0
1,725000.0,3.0,1.75
1,500000.0,5.0,3.25
1,375000.0,3.0,1.75
1,2300000.0,4.0,4.75
1,260000.0,3.0,2.25
1,1565000.0,4.0,2.75
1,431000.0,4.0,2.5
1,321000.0,4.0,2.5
1,433000.0,4.0,1.5
1,920000.0,4.0,3.5
1,482000.0,3.0,2.25
1,712000.0,3.0,2.5
1,505000.0,4.0,2.75
1,2367000.0,3.0,2.25
1,452000.0,3.0,1.75
1,581000.0,4.0,1.0
1,952500.0,4.0,1.5
1,808000.0,4.0,2.25
1,476000.0,4.0,3.0
1,535000.0,4.0,1.75
1,1356925.0,4.0,3.5
1,629800.0,3.0,2.5
1,417838.0,4.0,2.5
1,399895.0,4.0,2.5
1,825000.0,4.0,2.75
1,300000.0,4.0,2.5
1,640000.0,2.0,2.25
1,460000.0,3.0,2.5
1,525000.0,2.0,2.5
1,499990.0,4.0,2.75
1,1020000.0,4.0,3.5
1,675000.0,5.0,2.25
1,512031.0,3.0,1.75
1,310000.0,2.0,1.0
1,1075000.0,3.0,2.5
1,255000.0,4.0,2.0
1,435000.0,3.0,2.5
1,453000.0,3.0,2.0
1,260000.0,4.0,2.0
1,659000.0,4.0,2.0
1,223000.0,3.0,2.0
1,851000.0,5.0,3.25
1,605000.0,3.0,2.25
1,895000.0,4.0,2.25
1,519000.0,5.0,2.25
1,535000.0,3.0,1.75
1,489000.0,3.0,3.0
1,250000.0,3.0,2.25
1,580000.0,3.0,2.25
1,1038000.0,4.0,1.75
1,605000.0,4.0,2.25
1,599950.0,4.0,3.5
1,700000.0,3.0,2.5
1,480000.0,3.0,2.0
1,329950.0,4.0,2.5
1,250000.0,3.0,1.75
1,345000.0,5.0,2.5
1,175000.0,4.0,2.5
1,185000.0,5.0,1.0
1,411000.0,4.0,2.0
1,690000.0,3.0,1.5
1,265000.0,4.0,3.0
1,720000.0,4.0,3.0
1,256000.0,4.0,2.5
1,255000.0,4.0,2.25
1,540000.0,3.0,2.25
1,481015.0,3.0,2.25
1,575000.0,3.0,1.75
1,339950.0,3.0,2.5
1,475000.0,4.0,2.5
1,732000.0,3.0,3.75
1,860000.0,4.0,1.75
1,389000.0,4.0,1.75
1,645000.0,3.0,1.75
1,475000.0,4.0,2.5
1,550000.0,4.0,2.75
1,305000.0,2.0,1.0
1,782000.0,2.0,1.5
1,545000.0,3.0,2.0
1,394500.0,4.0,2.5
1,600000.0,5.0,2.0
1,1300000.0,4.0,1.75
1,300000.0,2.0,1.0
1,330000.0,4.0,2.5
1,723000.0,4.0,2.25
1,2271150.0,4.0,3.25
1,480000.0,5.0,2.5
1,496000.0,2.0,1.0
1,625000.0,3.0,3.0
1,475000.0,4.0,2.0
1,275250.0,3.0,2.25
1,253000.0,2.0,1.0
1,630000.0,4.0,2.5
1,660500.0,5.0,2.5
1,262000.0,5.0,1.0
1,2147500.0,3.0,3.5
1,552000.0,3.0,2.5
1,1411600.0,2.0,2.5
1,736000.0,2.0,1.0
1,355000.0,3.0,1.75
1,305000.0,3.0,1.0
1,484998.0,4.0,2.5
1,1054690.0,4.0,3.5
1,334500.0,2.0,1.5
1,475000.0,4.0,2.75
1,309780.0,3.0,2.5
1,795000.0,4.0,2.5
1,274500.0,3.0,2.25
1,265050.0,2.0,1.5
1,567500.0,3.0,2.5
1,915000.0,3.0,4.5
1,285000.0,5.0,2.5
1,445838.0,3.0,2.5
1,304900.0,4.0,1.75
1,940000.0,4.0,2.0
1,1127000.0,4.0,2.5
1,835000.0,4.0,4.25
1,290000.0,3.0,1.0
1,250000.0,3.0,1.75
1,342000.0,4.0,2.5
1,1012000.0,4.0,2.5
1,400000.0,4.0,2.25
1,312500.0,3.0,1.75
1,267000.0,3.0,1.0
1,575000.0,3.0,1.75
1,810000.0,3.0,1.5
1,850000.0,3.0,2.5
1,1015000.0,3.0,3.25
1,1100000.0,4.0,3.75
1,240000.0,3.0,1.75
1,198000.0,4.0,1.75
1,565000.0,4.0,2.5
1,1195000.0,5.0,3.0
1,340000.0,8.0,2.75
1,815000.0,4.0,2.5
1,1875000.0,4.0,3.25
1,588000.0,5.0,3.0
1,280500.0,4.0,2.5
1,390000.0,4.0,2.0
1,509000.0,2.0,1.5
1,490600.0,3.0,2.5
1,650000.0,3.0,1.5
1,715000.0,3.0,4.0
1,529950.0,3.0,1.0
1,265000.0,3.0,1.0
1,1755000.0,3.0,2.0
1,1140000.0,3.0,2.5
1,610000.0,3.0,2.0
1,554729.0,4.0,2.5
1,395000.0,5.0,1.75
1,341000.0,3.0,1.0
1,264500.0,4.0,2.25
1,395000.0,4.0,2.75
1,640000.0,3.0,2.25
1,430000.0,3.0,1.5
1,410000.0,4.0,2.5
1,220000.0,4.0,1.0
1,1625000.0,4.0,3.25
1,405500.0,2.0,2.75
1,633000.0,4.0,2.5
1,295950.0,2.0,1.0
1,1042031.0,4.0,5.0
1,605000.0,4.0,2.5
1,255000.0,2.0,1.5
1,474000.0,3.0,1.75
1,370000.0,2.0,1.0
1,288000.0,3.0,2.5
1,1150000.0,5.0,2.5
1,600000.0,5.0,2.25
1,515000.0,5.0,3.25
1,345000.0,4.0,2.5
1,975000.0,6.0,2.75
1,850000.0,3.0,2.0
1,439990.0,3.0,2.5
1,554950.0,3.0,2.5
1,605000.0,3.0,2.5
1,609000.0,3.0,1.75
1,425000.0,3.0,1.5
1,399900.0,2.0,1.75
1,1025000.0,4.0,3.5
1,2351956.0,4.0,4.25
1,519995.0,4.0,3.0
1,625000.0,3.0,1.5
1,600000.0,3.0,2.5
1,1200000.0,4.0,2.5
1,1738000.0,4.0,2.25
1,671000.0,4.0,3.0
1,459500.0,3.0,1.75
1,499000.0,3.0,2.5
1,1280000.0,4.0,2.5
1,395000.0,3.0,1.75
1,861990.0,5.0,2.75
1,382500.0,2.0,1.0
1,404950.0,4.0,2.25
1,530000.0,3.0,1.75
1,195000.0,2.0,1.0
1,747500.0,4.0,2.25
1,199990.0,3.0,1.0
1,548800.0,4.0,1.0
1,870000.0,4.0,3.0
1,588000.0,3.0,2.0
1,775000.0,4.0,3.25
1,670000.0,6.0,3.0
1,445000.0,2.0,2.0
1,300000.0,4.0,3.0
1,480000.0,3.0,2.25
1,300000.0,3.0,1.0
1,360000.0,3.0,1.5
1,527000.0,6.0,3.5
1,875000.0,3.0,1.5
1,266000.0,4.0,2.25
1,866000.0,4.0,3.25
1,335950.0,2.0,1.5
1,215000.0,3.0,1.0
1,481000.0,4.0,2.5
1,320000.0,3.0,1.75
1,295000.0,3.0,1.75
1,295000.0,3.0,1.5
1,320000.0,3.0,1.0
1,780000.0,4.0,2.0
1,437500.0,3.0,2.0
1,443000.0,5.0,1.75
1,575000.0,4.0,2.5
1,245000.0,2.0,1.0
1,450000.0,3.0,2.5
1,536000.0,2.0,1.5
1,685000.0,3.0,3.25
1,373000.0,4.0,1.75
1,450000.0,3.0,1.75
1,645000.0,4.0,2.5
1,1275000.0,3.0,2.5
1,230000.0,3.0,1.0
1,593000.0,3.0,2.75
1,558000.0,2.0,2.0
1,538250.0,3.0,2.25
1,475000.0,5.0,2.5
1,209950.0,3.0,1.5
1,410000.0,3.0,2.25
1,1636000.0,3.0,2.5
1,670000.0,5.0,2.5
1,821000.0,3.0,2.75
1,665000.0,5.0,2.0
1,339000.0,3.0,2.5
1,631500.0,4.0,2.0
1,570000.0,3.0,2.0
1,437000.0,3.0,1.75
1,542500.0,3.0,2.5
1,229500.0,3.0,1.0
1,170500.0,2.0,1.0
1,391500.0,3.0,2.5
1,296475.0,3.0,2.5
1,1450000.0,4.0,3.25
1,888550.0,3.0,2.5
1,1360000.0,4.0,3.0
1,328000.0,3.0,2.0
1,300000.0,4.0,2.5
1,500000.0,3.0,2.5
1,494815.0,3.0,2.5
1,378000.0,3.0,2.5
1,505000.0,2.0,2.25
1,680000.0,4.0,2.75
1,351999.0,3.0,2.5
1,510000.0,3.0,2.5
1,1300000.0,4.0,2.25
1,374000.0,2.0,1.5
1,509900.0,3.0,2.5
1,230000.0,3.0,1.75
1,527700.0,5.0,2.5
1,438000.0,2.0,2.0
1,900000.0,3.0,2.5
1,1131000.0,3.0,2.25
1,439000.0,4.0,2.25
1,315000.0,2.0,1.0
1,765000.0,4.0,4.0
1,332000.0,3.0,2.25
1,600000.0,3.0,2.25
1,378500.0,3.0,2.5
1,190000.0,3.0,1.0
1,645000.0,4.0,2.5
1,780000.0,2.0,2.5
1,370000.0,3.0,1.75
1,875000.0,4.0,3.5
1,1049000.0,4.0,3.75
1,479000.0,3.0,1.0
1,245000.0,4.0,2.25
1,542000.0,3.0,1.75
1,557500.0,3.0,2.25
1,480000.0,2.0,1.0
1,330000.0,3.0,2.25
1,160000.0,3.0,1.0
1,695500.0,5.0,2.75
1,235500.0,5.0,2.5
1,326500.0,3.0,1.0
1,300000.0,4.0,2.5
1,267000.0,3.0,1.0
1,292600.0,3.0,1.5
1,362000.0,5.0,3.0
1,1087500.0,2.0,2.0
1,357562.0,2.0,1.75
1,789900.0,3.0,2.5
1,513000.0,3.0,2.5
1,336000.0,3.0,2.25
1,560000.0,4.0,2.25
1,1150000.0,3.0,2.5
1,410000.0,4.0,2.25
1,371500.0,3.0,1.0
1,368000.0,4.0,1.75
1,650000.0,4.0,3.0
1,308950.0,4.0,2.5
1,440000.0,3.0,2.0
1,630000.0,2.0,2.5
1,228950.0,3.0,1.75
1,782000.0,4.0,3.5
1,245000.0,3.0,2.5
1,410000.0,4.0,2.5
1,427550.0,2.0,1.0
1,235000.0,2.0,1.0
1,210000.0,3.0,2.0
1,485000.0,4.0,2.25
1,410000.0,3.0,2.0
1,435000.0,4.0,2.75
1,300000.0,3.0,1.0
1,455000.0,4.0,3.5
1,210000.0,3.0,1.0
1,1050000.0,4.0,2.75
1,458400.0,4.0,2.5
1,390000.0,3.0,1.75
1,148226.0,3.0,1.0
1,711600.0,4.0,3.0
1,819000.0,3.0,2.75
1,613000.0,2.0,2.0
1,592350.0,2.0,2.0
1,232000.0,3.0,1.5
1,250000.0,3.0,1.75
1,115000.0,1.0,2.0
1,1115000.0,4.0,2.5
1,585000.0,4.0,2.5
1,580000.0,3.0,2.25
1,165000.0,1.0,1.0
1,430000.0,3.0,2.0
1,383000.0,3.0,2.25
1,1195000.0,4.0,3.5
1,201500.0,3.0,1.0
1,690000.0,4.0,2.5
1,325000.0,2.0,1.0
1,375000.0,3.0,1.75
1,600000.0,4.0,2.5
1,340000.0,3.0,2.25
1,890000.0,4.0,2.75
1,415000.0,4.0,1.75
1,255000.0,3.0,1.75
1,530000.0,2.0,2.5
1,468000.0,3.0,1.5
1,970000.0,5.0,2.75
1,599000.0,3.0,2.0
1,399500.0,4.0,1.75
1,2458000.0,4.0,5.25
1,1205000.0,4.0,3.5
1,325000.0,2.0,1.0
1,1135250.0,5.0,4.0
1,568000.0,4.0,1.75
1,517000.0,2.0,1.5
1,469950.0,4.0,2.75
1,1675000.0,3.0,2.5
1,2180000.0,6.0,2.75
1,623000.0,3.0,1.75
1,720000.0,4.0,2.25
1,205000.0,3.0,1.0
1,148000.0,2.0,1.0
1,950000.0,3.0,2.5
1,405000.0,3.0,1.5
1,293000.0,3.0,2.25
1,550000.0,3.0,3.5
1,435000.0,4.0,2.5
1,355000.0,4.0,2.75
1,673000.0,3.0,2.75
1,449990.0,4.0,2.5
1,249000.0,2.0,1.5
1,380000.0,4.0,2.5
1,760005.0,4.0,2.75
1,674600.0,4.0,2.5
1,812000.0,4.0,3.5
1,333490.0,4.0,2.5
1,320000.0,3.0,3.25
1,999000.0,4.0,2.5
1,810000.0,2.0,2.75
1,399950.0,5.0,2.75
1,550000.0,3.0,2.0
1,290000.0,3.0,1.5
1,232500.0,3.0,1.5
1,1355000.0,4.0,3.5
1,565000.0,3.0,2.5
1,749950.0,4.0,2.75
1,720500.0,4.0,2.5
1,507000.0,3.0,1.75
1,989000.0,5.0,4.5
1,463000.0,4.0,2.5
1,310000.0,3.0,1.5
1,284000.0,4.0,1.75
1,737500.0,3.0,1.75
1,569000.0,3.0,3.25
1,700000.0,3.0,1.0
1,660000.0,3.0,1.0
1,275000.0,4.0,2.0
1,570000.0,6.0,3.75
1,356000.0,3.0,2.5
1,610000.0,3.0,2.5
1,498800.0,2.0,1.75
1,226550.0,3.0,1.0
1,692500.0,4.0,2.75
1,250000.0,3.0,1.0
1,660000.0,4.0,2.5
1,295000.0,2.0,1.0
1,154950.0,4.0,1.0
1,409124.0,5.0,3.25
1,287000.0,5.0,1.5
1,810000.0,4.0,1.75
1,525000.0,4.0,2.75
1,525000.0,4.0,1.75
1,275000.0,3.0,1.0
1,583000.0,3.0,2.5
1,237950.0,2.0,1.75
1,1065000.0,4.0,3.75
1,679000.0,4.0,2.75
1,1465000.0,6.0,4.5
1,410000.0,3.0,1.75
1,306000.0,3.0,1.0
1,215000.0,4.0,1.5
1,594950.0,4.0,2.5
1,1250000.0,4.0,2.5
1,305000.0,3.0,1.5
1,425000.0,2.0,1.0
1,215000.0,3.0,1.75
1,480000.0,5.0,2.75
1,550000.0,4.0,1.75
1,750000.0,4.0,2.5
1,137124.0,3.0,1.0
1,840000.0,3.0,2.0
1,624800.0,3.0,2.0
1,630000.0,3.0,1.75
1,590000.0,3.0,2.5
1,599950.0,3.0,3.25
1,299880.0,3.0,2.5
1,400000.0,3.0,2.0
1,560000.0,3.0,2.5
1,229000.0,4.0,2.25
1,525000.0,4.0,2.5
1,737000.0,2.0,2.25
1,680000.0,3.0,2.0
1,635000.0,4.0,2.5
1,740000.0,4.0,2.5
1,335500.0,3.0,1.0
1,270000.0,4.0,2.5
1,1037000.0,4.0,3.5
1,450000.0,5.0,2.5
1,379000.0,3.0,2.5
1,468000.0,4.0,2.5
1,321500.0,1.0,1.0
1,443000.0,3.0,2.25
1,340000.0,3.0,1.0
1,470000.0,4.0,2.25
1,545000.0,3.0,2.5
1,415000.0,4.0,1.5
1,599000.0,7.0,2.5
1,759000.0,4.0,1.75
1,300000.0,4.0,1.75
1,1681000.0,5.0,5.25
1,359000.0,3.0,1.5
1,550000.0,4.0,1.0
1,395000.0,2.0,1.0
1,486000.0,4.0,2.5
1,187000.0,2.0,1.0
1,734950.0,4.0,3.25
1,284000.0,3.0,1.5
1,696000.0,4.0,3.5
1,380000.0,2.0,1.0
1,625000.0,4.0,1.0
1,252000.0,4.0,1.75
1,560000.0,2.0,1.0
1,395000.0,4.0,2.75
1,900000.0,4.0,2.5
1,2680000.0,5.0,3.0
1,625000.0,3.0,1.75
1,580000.0,3.0,1.75
1,309000.0,3.0,2.25
1,412000.0,4.0,3.5
1,495000.0,3.0,2.0
1,215000.0,3.0,1.0
1,741500.0,2.0,2.5
1,749000.0,3.0,2.75
1,659950.0,4.0,2.75
1,530000.0,3.0,2.5
1,749000.0,4.0,2.75
1,2321000.0,5.0,4.75
1,595000.0,4.0,3.25
1,487000.0,4.0,2.5
1,760000.0,4.0,2.25
1,1240000.0,5.0,3.5
1,435000.0,4.0,2.5
1,374950.0,3.0,2.25
1,440000.0,3.0,1.5
1,360000.0,4.0,2.5
1,879000.0,4.0,2.5
1,1550000.0,5.0,4.25
1,505000.0,2.0,1.0
1,545000.0,2.0,2.0
1,600000.0,2.0,2.5
1,775000.0,6.0,2.75
1,725000.0,2.0,1.75
1,610000.0,4.0,2.75
1,350000.0,4.0,1.0
1,410000.0,3.0,1.0
1,639000.0,4.0,2.0
1,439000.0,4.0,2.0
1,499950.0,4.0,1.75
1,800000.0,3.0,2.75
1,350000.0,4.0,2.5
1,279000.0,2.0,1.0
1,290256.0,3.0,2.25
1,355000.0,3.0,2.5
1,263000.0,3.0,1.75
1,880000.0,6.0,2.5
1,426500.0,4.0,2.5
1,735000.0,3.0,2.5
1,720000.0,4.0,2.5
1,265000.0,3.0,2.5
1,840000.0,4.0,3.5
1,657500.0,3.0,2.0
1,850000.0,5.0,2.0
1,436110.0,3.0,2.5
1,589900.0,2.0,3.0
1,620000.0,3.0,1.5
1,254000.0,4.0,2.0
1,375000.0,3.0,1.75
1,455000.0,4.0,2.25
1,445000.0,4.0,2.0
1,568500.0,4.0,2.5
1,352500.0,3.0,1.75
1,342500.0,2.0,1.75
1,299950.0,3.0,2.5
1,425000.0,3.0,2.5
1,561000.0,4.0,2.5
1,455500.0,3.0,2.0
1,400000.0,3.0,2.5
1,443500.0,4.0,2.5
1,1234582.0,5.0,3.25
1,370000.0,4.0,2.75
1,475000.0,3.0,2.25
1,580000.0,4.0,2.5
1,518000.0,3.0,1.5
1,525000.0,3.0,2.5
1,236000.0,4.0,2.75
1,278500.0,4.0,2.25
1,205425.0,2.0,1.75
1,248000.0,3.0,1.0
1,505000.0,3.0,2.25
1,657500.0,3.0,2.5
1,670000.0,3.0,2.5
1,202000.0,1.0,1.0
1,440000.0,4.0,2.25
1,690000.0,4.0,2.5
1,375000.0,6.0,2.25
1,291000.0,3.0,1.75
1,230000.0,3.0,1.75
1,850000.0,4.0,3.25
1,84350.0,4.0,2.0
1,12899000.0,3.0,2.5
1,2110000.0,4.0,1.0
1,2199900.0,4.0,1.5
1,188000.0,4.0,2.75
1,26590000.0,3.0,2.0
1,7800.0,2.0,1.0
1,237227.857143,4.0,2.5
1,117833.333333,3.0,1.0
1,744312.5,4.0,2.5
1,439333.333333,3.0,3.5
1,280000.0,3.0,2.25
1,176225.0,3.0,2.0
1,500324.0,3.0,2.5
1,444845.0,3.0,2.5
1,330000.0,3.0,3.0
1,292285.714286,3.0,1.75
1,160000.0,2.0,1.0
1,274333.333333,3.0,2.25
1,537500.0,4.0,3.0
1,232333.333333,3.0,2.25
1,237333.333333,3.0,2.75
1,346750.0,3.0,1.0
1,1020000.0,3.0,2.25
1,254000.0,3.0,1.5
1,238750.0,3.0,1.0
1,268971.875,4.0,2.5
1,642000.0,4.0,2.5
1,571986.111111,3.0,2.5
1,554250.0,3.0,2.5
1,107500.0,4.0,1.5
1,300000.0,3.0,2.0
1,540833.333333,3.0,2.0
1,274750.0,4.0,2.5
1,148612.5,3.0,1.0
1,326428.571429,3.0,1.0
1,135333.333333,4.0,1.0
1,577437.5,4.0,2.5
1,440825.0,3.0,1.75
1,195000.0,5.0,3.75
1,257500.0,4.0,1.75
1,692000.0,4.0,3.25
1,176400.0,2.0,1.0
1,193000.0,3.0,1.5
1,646212.5,4.0,2.5
1,268971.875,4.0,2.5
1,317061.875,3.0,1.75
1,83300.0,3.0,2.0
1,266066.666667,4.0,1.0
1,342246.428571,4.0,2.5
1,240015.333333,4.0,2.25
1,83300.0,3.0,2.0
1,316850.0,4.0,3.0
1,259585.571429,4.0,2.5
1,328211.904762,4.0,2.5
1,673476.818182,4.0,2.5
1,425000.0,3.0,2.5
1,127160.0,2.0,1.0
1,341750.0,3.0,2.25
1,178650.0,3.0,1.5
1,87500.0,2.0,1.0
1,282508.888889,3.0,1.0
1,450385.714286,3.0,2.0
1,435000.0,4.0,3.0
1,532500.0,2.0,1.75
1,408900.0,3.0,1.75
1,156766.666667,2.0,1.0
1,452500.0,5.0,3.5
1,308830.769231,2.0,1.0
1,484991.666667,4.0,2.75
1,287919.782609,2.0,1.0
1,247875.0,2.0,1.0
1,309487.5,3.0,2.5
1,173666.666667,4.0,1.0
1,237481.25,3.0,2.0
1,326983.333333,3.0,2.25
1,790000.0,4.0,2.5
1,678333.333333,3.0,2.5
1,542804.75,5.0,2.75
1,723243.75,4.0,2.75
1,667781.25,5.0,2.75
1,108333.333333,3.0,1.0
1,535000.0,4.0,2.25
1,596165.428571,4.0,2.0
1,269187.5,3.0,1.75
1,148612.5,3.0,1.0
1,341166.666667,5.0,2.75
1,132500.0,4.0,1.0
1,557125.0,4.0,2.75
1,228944.444444,3.0,1.75
1,592105.714286,3.0,2.5
1,535000.0,4.0,2.25
1,420642.857143,3.0,2.0
1,132250.0,4.0,2.25
1,237227.857143,4.0,2.5
1,440825.0,3.0,1.75
1,2560498.33333,3.0,2.5
1,423050.925926,2.0,1.0
1,1337044.2,4.0,3.5
1,315368.7,3.0,2.5
1,417985.714286,4.0,2.25
1,723243.75,4.0,2.75
1,259950.0,4.0,2.0
1,237333.333333,3.0,2.75
1,426090.0,3.0,2.5
1,458663.888889,2.0,1.0
1,812650.0,4.0,2.5
1,135333.333333,4.0,1.0
1,387884.615385,3.0,1.75
1,437500.0,5.0,3.5
1,641633.333333,3.0,2.5
1,681965.78125,4.0,2.5
1,229629.5,2.0,1.0
1,210614.285714,3.0,2.5
1,790000.0,4.0,3.25
1,435500.0,3.0,3.5
1,738190.857143,3.0,2.5
1,497333.333333,3.0,1.75
1,300000.0,3.0,2.0
1,1036200.0,4.0,3.25
1,163785.714286,2.0,1.0
1,351250.0,4.0,1.75
1,645325.0,3.0,2.5
1,171224.8,3.0,1.0
1,540000.0,3.0,2.75
1,233166.666667,3.0,2.0
1,329333.333333,3.0,1.75
1,225279.428571,3.0,2.25
1,331366.666667,3.0,2.5
1,460886.923077,4.0,2.5
1,337945.75,2.0,1.0
1,243069.230769,3.0,1.0
1,690408.62069,4.0,2.5
1,592105.714286,3.0,2.5
1,220083.333333,3.0,1.75
1,280000.0,3.0,3.0
1,297857.142857,4.0,2.5
1,950833.333333,5.0,3.0
1,323833.333333,4.0,1.0
1,309000.0,3.0,2.5
1,248400.0,3.0,1.75
1,994500.0,4.0,2.25
1,288500.0,5.0,2.5
1,379509.166667,2.0,1.0
1,180785.714286,2.0,1.0
1,950100.0,4.0,2.5
1,542500.0,5.0,2.75
1,362750.0,2.0,1.75
1,234975.0,4.0,2.75
1,672500.0,4.0,2.25
1,391400.0,4.0,1.75
1,198995.0,3.0,1.0
1,278900.0,3.0,1.0
1,171758.333333,3.0,1.0
1,325187.5,3.0,1.75
1,190368.75,2.0,1.0
1,375000.0,5.0,3.25
1,216000.0,3.0,2.75
1,360500.0,3.0,2.5
1,677099.565217,4.0,2.5
1,405125.0,4.0,2.75
1,289987.5,3.0,1.75
1,264270.0,3.0,2.5
1,602761.0,4.0,2.5
1,251555.555556,3.0,1.0
1,214750.0,3.0,1.5
1,258125.0,2.0,1.0
1,677099.565217,4.0,2.5
1,167500.0,1.0,1.0
1,471500.0,4.0,3.0
1,464600.0,2.0,1.0
1,132250.0,4.0,2.25
1,433111.111111,3.0,2.25
1,542500.0,5.0,2.75
1,368112.5,4.0,2.5
1,673476.818182,4.0,2.5
1,558653.846154,3.0,2.5
1,168333.333333,2.0,1.0
1,268971.875,4.0,2.5
1,318000.0,2.0,1.75
1,550607.142857,4.0,2.0
1,1288333.33333,6.0,4.5
1,584000.0,3.0,1.75
1,245000.0,3.0,3.0
1,287919.782609,2.0,1.0
1,672500.0,4.0,2.25
1,454790.0,2.0,1.75
1,282508.888889,3.0,1.0
1,473200.0,3.0,1.5
1,406062.5,2.0,1.0
1,282766.666667,4.0,2.0
1,486445.833333,3.0,1.75
1,486895.0,3.0,1.0
1,430277.777778,3.0,2.25
1,229629.5,2.0,1.0
1,182805.0,3.0,1.0
1,380680.555556,4.0,2.5
1,396166.666667,3.0,1.75
1,252980.0,4.0,2.5
1,289373.307692,3.0,2.5
1,210614.285714,3.0,2.5
1,308166.666667,3.0,1.75
1,534333.333333,3.0,2.5
1,416904.166667,3.0,2.5
1,203400.0,4.0,2.0
1,220600.0,3.0,2.5
